,GENBANK_REFERENCE,CATALOGUE_NAME,CATALOGUE_VERSION,CATALOGUE_GRAMMAR,PREDICTION_VALUES,DRUG,MUTATION,PREDICTION,SOURCE,EVIDENCE,OTHER
0,NC00962.3,catomatic_test,1.1,GARC1,RUS,rifampicin,rpoB@c-61t,S,{},"[{""proportion"": 0.05701964542405367, ""confidence"": [0.04529461862616144, 0.07155235263811276], ""p_value"": 3.325231747854689e-121, ""contingency"": [[119, 1968], [1320, 13041]]}]",{}
1,NC00962.3,catomatic_test,1.1,GARC1,RUS,rifampicin,rpoB@K944E,S,{},"[{""proportion"": 0.0, ""confidence"": [0.0, 0.688631842745253], ""p_value"": 1.0, ""contingency"": [[0, 3], [1320, 13041]]}]",{}
2,NC00962.3,catomatic_test,1.1,GARC1,RUS,rifampicin,rpoB@D1006G,S,{},"[{""proportion"": 0.0, ""confidence"": [0.0, 0.8690224567198142], ""p_value"": 1.0, ""contingency"": [[0, 1], [1320, 13041]]}]",{}
3,NC00962.3,catomatic_test,1.1,GARC1,RUS,rifampicin,rpoB@S12T,S,{},"[{""proportion"": 0.0, ""confidence"": [0.0, 0.7683817082692723], ""p_value"": 1.0, ""contingency"": [[0, 2], [1320, 13041]]}]",{}
4,NC00962.3,catomatic_test,1.1,GARC1,RUS,rifampicin,rpoB@S1124A,S,{},"[{""proportion"": 0.0, ""confidence"": [0.0, 0.8690224567198142], ""p_value"": 1.0, ""contingency"": [[0, 1], [1320, 13041]]}]",{}
5,NC00962.3,catomatic_test,1.1,GARC1,RUS,rifampicin,rpoB@E250G,S,{},"[{""proportion"": 0.012987012987012988, ""confidence"": [0.0015265870631024352, 0.10171855284797841], ""p_value"": 1.4353343446099116e-08, ""contingency"": [[1, 76], [1320, 13041]]}]",{}
6,NC00962.3,catomatic_test,1.1,GARC1,RUS,rifampicin,rpoB@R791C,S,{},"[{""proportion"": 0.0, ""confidence"": [0.0, 0.25882283452459487], ""p_value"": 0.006516711702715842, ""contingency"": [[0, 19], [1320, 13041]]}]",{}
7,NC00962.3,catomatic_test,1.1,GARC1,RUS,rifampicin,rpoB@L1132V,S,{},"[{""proportion"": 0.0, ""confidence"": [0.0, 0.8690224567198142], ""p_value"": 1.0, ""contingency"": [[0, 1], [1320, 13041]]}]",{}
8,NC00962.3,catomatic_test,1.1,GARC1,RUS,rifampicin,rpoB@M121I,S,{},"[{""proportion"": 0.0, ""confidence"": [0.0, 0.7683817082692723], ""p_value"": 1.0, ""contingency"": [[0, 2], [1320, 13041]]}]",{}
9,NC00962.3,catomatic_test,1.1,GARC1,RUS,rifampicin,rpoB@A686T,S,{},"[{""proportion"": 0.0, ""confidence"": [0.0, 0.45336135825915125], ""p_value"": 0.21392822265625003, ""contingency"": [[0, 8], [1320, 13041]]}]",{}
10,NC00962.3,catomatic_test,1.1,GARC1,RUS,rifampicin,rpoB@P454L,S,{},"[{""proportion"": 0.0, ""confidence"": [0.0, 0.6238797470192704], ""p_value"": 0.578125, ""contingency"": [[0, 4], [1320, 13041]]}]",{}
11,NC00962.3,catomatic_test,1.1,GARC1,RUS,rifampicin,rpoB@K939Q,S,{},"[{""proportion"": 0.0, ""confidence"": [0.0, 0.7683817082692723], ""p_value"": 1.0, ""contingency"": [[0, 2], [1320, 13041]]}]",{}
12,NC00962.3,catomatic_test,1.1,GARC1,RUS,rifampicin,rpoB@2546_ins_cgagga,S,{},"[{""proportion"": 0.0, ""confidence"": [0.0, 0.23170667222819974], ""p_value"": 0.0024842959446118593, ""contingency"": [[0, 22], [1320, 13041]]}]",{}
13,NC00962.3,catomatic_test,1.1,GARC1,RUS,rifampicin,rpoB@E1145G,S,{},"[{""proportion"": 0.0, ""confidence"": [0.0, 0.8690224567198142], ""p_value"": 1.0, ""contingency"": [[0, 1], [1320, 13041]]}]",{}
14,NC00962.3,catomatic_test,1.1,GARC1,RUS,rifampicin,rpoB@E639G,S,{},"[{""proportion"": 0.0, ""confidence"": [0.0, 0.6238797470192704], ""p_value"": 0.578125, ""contingency"": [[0, 4], [1320, 13041]]}]",{}
15,NC00962.3,catomatic_test,1.1,GARC1,RUS,rifampicin,rpoB@G693V,S,{},"[{""proportion"": 0.0, ""confidence"": [0.0, 0.8690224567198142], ""p_value"": 1.0, ""contingency"": [[0, 1], [1320, 13041]]}]",{}
16,NC00962.3,catomatic_test,1.1,GARC1,RUS,rifampicin,rpoB@P682A,S,{},"[{""proportion"": 0.0, ""confidence"": [0.0, 0.7683817082692723], ""p_value"": 1.0, ""contingency"": [[0, 2], [1320, 13041]]}]",{}
17,NC00962.3,catomatic_test,1.1,GARC1,RUS,rifampicin,rpoB@H343Q,S,{},"[{""proportion"": 0.0, ""confidence"": [0.0, 0.4243645973704646], ""p_value"": 0.12401199340820315, ""contingency"": [[0, 9], [1320, 13041]]}]",{}
18,NC00962.3,catomatic_test,1.1,GARC1,RUS,rifampicin,rpoB@D103E,S,{},"[{""proportion"": 0.0, ""confidence"": [0.0, 0.6238797470192704], ""p_value"": 0.578125, ""contingency"": [[0, 4], [1320, 13041]]}]",{}
19,NC00962.3,catomatic_test,1.1,GARC1,RUS,rifampicin,rpoB@I965V,S,{},"[{""proportion"": 0.0, ""confidence"": [0.0, 0.7683817082692723], ""p_value"": 1.0, ""contingency"": [[0, 2], [1320, 13041]]}]",{}
20,NC00962.3,catomatic_test,1.1,GARC1,RUS,rifampicin,rpoB@T427I,S,{},"[{""proportion"": 0.0, ""confidence"": [0.0, 0.8690224567198142], ""p_value"": 1.0, ""contingency"": [[0, 1], [1320, 13041]]}]",{}
21,NC00962.3,catomatic_test,1.1,GARC1,RUS,rifampicin,rpoB@E721K,S,{},"[{""proportion"": 0.0, ""confidence"": [0.0, 0.7683817082692723], ""p_value"": 1.0, ""contingency"": [[0, 2], [1320, 13041]]}]",{}
22,NC00962.3,catomatic_test,1.1,GARC1,RUS,rifampicin,rpoB@D515Y,S,{},"[{""proportion"": 0.0, ""confidence"": [0.0, 0.5251247248422238], ""p_value"": 0.347412109375, ""contingency"": [[0, 6], [1320, 13041]]}]",{}
23,NC00962.3,catomatic_test,1.1,GARC1,RUS,rifampicin,rpoB@A998V,S,{},"[{""proportion"": 0.0, ""confidence"": [0.0, 0.7683817082692723], ""p_value"": 1.0, ""contingency"": [[0, 2], [1320, 13041]]}]",{}
24,NC00962.3,catomatic_test,1.1,GARC1,RUS,rifampicin,rpoB@M573T,S,{},"[{""proportion"": 0.0, ""confidence"": [0.0, 0.5702583210270092], ""p_value"": 0.34082031250000006, ""contingency"": [[0, 5], [1320, 13041]]}]",{}
25,NC00962.3,catomatic_test,1.1,GARC1,RUS,rifampicin,rpoB@M624T,S,{},"[{""proportion"": 0.0, ""confidence"": [0.0, 0.8690224567198142], ""p_value"": 1.0, ""contingency"": [[0, 1], [1320, 13041]]}]",{}
26,NC00962.3,catomatic_test,1.1,GARC1,RUS,rifampicin,rpoB@-59_del_g,S,{},"[{""proportion"": 0.0, ""confidence"": [0.0, 0.8690224567198142], ""p_value"": 1.0, ""contingency"": [[0, 1], [1320, 13041]]}]",{}
27,NC00962.3,catomatic_test,1.1,GARC1,RUS,rifampicin,rpoB@A942T,S,{},"[{""proportion"": 0.0, ""confidence"": [0.0, 0.8690224567198142], ""p_value"": 1.0, ""contingency"": [[0, 1], [1320, 13041]]}]",{}
28,NC00962.3,catomatic_test,1.1,GARC1,RUS,rifampicin,rpoB@E132D,S,{},"[{""proportion"": 0.0, ""confidence"": [0.0, 0.7683817082692723], ""p_value"": 1.0, ""contingency"": [[0, 2], [1320, 13041]]}]",{}
29,NC00962.3,catomatic_test,1.1,GARC1,RUS,rifampicin,rpoB@N163D,S,{},"[{""proportion"": 0.0, ""confidence"": [0.0, 0.688631842745253], ""p_value"": 1.0, ""contingency"": [[0, 3], [1320, 13041]]}]",{}
30,NC00962.3,catomatic_test,1.1,GARC1,RUS,rifampicin,rpoB@V865M,S,{},"[{""proportion"": 0.0, ""confidence"": [0.0, 0.8690224567198142], ""p_value"": 1.0, ""contingency"": [[0, 1], [1320, 13041]]}]",{}
31,NC00962.3,catomatic_test,1.1,GARC1,RUS,rifampicin,rpoB@G217S,S,{},"[{""proportion"": 0.0, ""confidence"": [0.0, 0.8690224567198142], ""p_value"": 1.0, ""contingency"": [[0, 1], [1320, 13041]]}]",{}
32,NC00962.3,catomatic_test,1.1,GARC1,RUS,rifampicin,rpoB@g-21c,S,{},"[{""proportion"": 0.0, ""confidence"": [0.0, 0.8690224567198142], ""p_value"": 1.0, ""contingency"": [[0, 1], [1320, 13041]]}]",{}
33,NC00962.3,catomatic_test,1.1,GARC1,RUS,rifampicin,rpoB@F1005V,S,{},"[{""proportion"": 0.0, ""confidence"": [0.0, 0.7683817082692723], ""p_value"": 1.0, ""contingency"": [[0, 2], [1320, 13041]]}]",{}
34,NC00962.3,catomatic_test,1.1,GARC1,RUS,rifampicin,rpoB@D107E,S,{},"[{""proportion"": 0.0, ""confidence"": [0.0, 0.688631842745253], ""p_value"": 1.0, ""contingency"": [[0, 3], [1320, 13041]]}]",{}
35,NC00962.3,catomatic_test,1.1,GARC1,RUS,rifampicin,rpoB@A632G,S,{},"[{""proportion"": 0.0, ""confidence"": [0.0, 0.8690224567198142], ""p_value"": 1.0, ""contingency"": [[0, 1], [1320, 13041]]}]",{}
36,NC00962.3,catomatic_test,1.1,GARC1,RUS,rifampicin,rpoB@A868V,S,{},"[{""proportion"": 0.0, ""confidence"": [0.0, 0.8690224567198142], ""p_value"": 1.0, ""contingency"": [[0, 1], [1320, 13041]]}]",{}
37,NC00962.3,catomatic_test,1.1,GARC1,RUS,rifampicin,rpoB@G28R,S,{},"[{""proportion"": 0.0, ""confidence"": [0.0, 0.7683817082692723], ""p_value"": 1.0, ""contingency"": [[0, 2], [1320, 13041]]}]",{}
38,NC00962.3,catomatic_test,1.1,GARC1,RUS,rifampicin,rpoB@D545E,S,{},"[{""proportion"": 0.0, ""confidence"": [0.0, 0.45336135825915125], ""p_value"": 0.21392822265625003, ""contingency"": [[0, 8], [1320, 13041]]}]",{}
39,NC00962.3,catomatic_test,1.1,GARC1,RUS,rifampicin,rpoB@P30A,S,{},"[{""proportion"": 0.0, ""confidence"": [0.0, 0.6238797470192704], ""p_value"": 0.578125, ""contingency"": [[0, 4], [1320, 13041]]}]",{}
40,NC00962.3,catomatic_test,1.1,GARC1,RUS,rifampicin,rpoB@A69P,S,{},"[{""proportion"": 0.0, ""confidence"": [0.0, 0.8690224567198142], ""p_value"": 1.0, ""contingency"": [[0, 1], [1320, 13041]]}]",{}
41,NC00962.3,catomatic_test,1.1,GARC1,RUS,rifampicin,rpoB@A68V,S,{},"[{""proportion"": 0.0, ""confidence"": [0.0, 0.8690224567198142], ""p_value"": 1.0, ""contingency"": [[0, 1], [1320, 13041]]}]",{}
42,NC00962.3,catomatic_test,1.1,GARC1,RUS,rifampicin,rpoB@H194Y,S,{},"[{""proportion"": 0.0, ""confidence"": [0.0, 0.5702583210270092], ""p_value"": 0.34082031250000006, ""contingency"": [[0, 5], [1320, 13041]]}]",{}
43,NC00962.3,catomatic_test,1.1,GARC1,RUS,rifampicin,rpoB@S641R,S,{},"[{""proportion"": 0.0, ""confidence"": [0.0, 0.8690224567198142], ""p_value"": 1.0, ""contingency"": [[0, 1], [1320, 13041]]}]",{}
44,NC00962.3,catomatic_test,1.1,GARC1,RUS,rifampicin,rpoB@V113I,S,{},"[{""proportion"": 0.0, ""confidence"": [0.0, 0.2238879618966707], ""p_value"": 0.002580968695056641, ""contingency"": [[0, 23], [1320, 13041]]}]",{}
45,NC00962.3,catomatic_test,1.1,GARC1,RUS,rifampicin,rpoB@D903N,S,{},"[{""proportion"": 0.0, ""confidence"": [0.0, 0.8690224567198142], ""p_value"": 1.0, ""contingency"": [[0, 1], [1320, 13041]]}]",{}
46,NC00962.3,catomatic_test,1.1,GARC1,RUS,rifampicin,rpoB@D211V,S,{},"[{""proportion"": 0.0, ""confidence"": [0.0, 0.8690224567198142], ""p_value"": 1.0, ""contingency"": [[0, 1], [1320, 13041]]}]",{}
47,NC00962.3,catomatic_test,1.1,GARC1,RUS,rifampicin,rpoB@E563D,S,{},"[{""proportion"": 0.0, ""confidence"": [0.0, 0.7683817082692723], ""p_value"": 1.0, ""contingency"": [[0, 2], [1320, 13041]]}]",{}
48,NC00962.3,catomatic_test,1.1,GARC1,RUS,rifampicin,rpoB@S16C,S,{},"[{""proportion"": 0.0, ""confidence"": [0.0, 0.5702583210270092], ""p_value"": 0.34082031250000006, ""contingency"": [[0, 5], [1320, 13041]]}]",{}
49,NC00962.3,catomatic_test,1.1,GARC1,RUS,rifampicin,rpoB@c-60t,S,{},"[{""proportion"": 0.0, ""confidence"": [0.0, 0.8690224567198142], ""p_value"": 1.0, ""contingency"": [[0, 1], [1320, 13041]]}]",{}
50,NC00962.3,catomatic_test,1.1,GARC1,RUS,rifampicin,rpoB@S1009T,S,{},"[{""proportion"": 0.0, ""confidence"": [0.0, 0.8690224567198142], ""p_value"": 1.0, ""contingency"": [[0, 1], [1320, 13041]]}]",{}
51,NC00962.3,catomatic_test,1.1,GARC1,RUS,rifampicin,rpoB@L290F,S,{},"[{""proportion"": 0.0, ""confidence"": [0.0, 0.8690224567198142], ""p_value"": 1.0, ""contingency"": [[0, 1], [1320, 13041]]}]",{}
52,NC00962.3,catomatic_test,1.1,GARC1,RUS,rifampicin,rpoB@H317Y,S,{},"[{""proportion"": 0.0, ""confidence"": [0.0, 0.8690224567198142], ""p_value"": 1.0, ""contingency"": [[0, 1], [1320, 13041]]}]",{}
53,NC00962.3,catomatic_test,1.1,GARC1,RUS,rifampicin,rpoB@C1067G,S,{},"[{""proportion"": 0.0, ""confidence"": [0.0, 0.8690224567198142], ""p_value"": 1.0, ""contingency"": [[0, 1], [1320, 13041]]}]",{}
54,NC00962.3,catomatic_test,1.1,GARC1,RUS,rifampicin,rpoB@-59_ins_t,S,{},"[{""proportion"": 0.0, ""confidence"": [0.0, 0.8690224567198142], ""p_value"": 1.0, ""contingency"": [[0, 1], [1320, 13041]]}]",{}
55,NC00962.3,catomatic_test,1.1,GARC1,RUS,rifampicin,rpoB@E507K,S,{},"[{""proportion"": 0.0, ""confidence"": [0.0, 0.8690224567198142], ""p_value"": 1.0, ""contingency"": [[0, 1], [1320, 13041]]}]",{}
56,NC00962.3,catomatic_test,1.1,GARC1,RUS,rifampicin,rpoB@P483L,S,{},"[{""proportion"": 0.0, ""confidence"": [0.0, 0.8690224567198142], ""p_value"": 1.0, ""contingency"": [[0, 1], [1320, 13041]]}]",{}
57,NC00962.3,catomatic_test,1.1,GARC1,RUS,rifampicin,rpoB@S388L,S,{},"[{""proportion"": 0.0, ""confidence"": [0.0, 0.688631842745253], ""p_value"": 1.0, ""contingency"": [[0, 3], [1320, 13041]]}]",{}
58,NC00962.3,catomatic_test,1.1,GARC1,RUS,rifampicin,rpoB@G945E,S,{},"[{""proportion"": 0.0, ""confidence"": [0.0, 0.8690224567198142], ""p_value"": 1.0, ""contingency"": [[0, 1], [1320, 13041]]}]",{}
59,NC00962.3,catomatic_test,1.1,GARC1,RUS,rifampicin,rpoB@31_ins_ctagtc,S,{},"[{""proportion"": 0.0, ""confidence"": [0.0, 0.8690224567198142], ""p_value"": 1.0, ""contingency"": [[0, 1], [1320, 13041]]}]",{}
60,NC00962.3,catomatic_test,1.1,GARC1,RUS,rifampicin,rpoB@A29T,S,{},"[{""proportion"": 0.0, ""confidence"": [0.0, 0.8690224567198142], ""p_value"": 1.0, ""contingency"": [[0, 1], [1320, 13041]]}]",{}
61,NC00962.3,catomatic_test,1.1,GARC1,RUS,rifampicin,rpoB@K822T,S,{},"[{""proportion"": 0.0, ""confidence"": [0.0, 0.8690224567198142], ""p_value"": 1.0, ""contingency"": [[0, 1], [1320, 13041]]}]",{}
62,NC00962.3,catomatic_test,1.1,GARC1,RUS,rifampicin,rpoB@a-3g,S,{},"[{""proportion"": 0.0, ""confidence"": [0.0, 0.8690224567198142], ""p_value"": 1.0, ""contingency"": [[0, 1], [1320, 13041]]}]",{}
63,NC00962.3,catomatic_test,1.1,GARC1,RUS,rifampicin,rpoB@T427N,S,{},"[{""proportion"": 0.0, ""confidence"": [0.0, 0.8690224567198142], ""p_value"": 1.0, ""contingency"": [[0, 1], [1320, 13041]]}]",{}
64,NC00962.3,catomatic_test,1.1,GARC1,RUS,rifampicin,rpoB@E320D,S,{},"[{""proportion"": 0.0, ""confidence"": [0.0, 0.7683817082692723], ""p_value"": 1.0, ""contingency"": [[0, 2], [1320, 13041]]}]",{}
65,NC00962.3,catomatic_test,1.1,GARC1,RUS,rifampicin,rpoB@D1146G,S,{},"[{""proportion"": 0.0, ""confidence"": [0.0, 0.8690224567198142], ""p_value"": 1.0, ""contingency"": [[0, 1], [1320, 13041]]}]",{}
66,NC00962.3,catomatic_test,1.1,GARC1,RUS,rifampicin,rpoB@I910V,S,{},"[{""proportion"": 0.0, ""confidence"": [0.0, 0.688631842745253], ""p_value"": 1.0, ""contingency"": [[0, 3], [1320, 13041]]}]",{}
67,NC00962.3,catomatic_test,1.1,GARC1,RUS,rifampicin,rpoB@E240G,S,{},"[{""proportion"": 0.0, ""confidence"": [0.0, 0.8690224567198142], ""p_value"": 1.0, ""contingency"": [[0, 1], [1320, 13041]]}]",{}
68,NC00962.3,catomatic_test,1.1,GARC1,RUS,rifampicin,rpoB@T660N,S,{},"[{""proportion"": 0.0, ""confidence"": [0.0, 0.8690224567198142], ""p_value"": 1.0, ""contingency"": [[0, 1], [1320, 13041]]}]",{}
69,NC00962.3,catomatic_test,1.1,GARC1,RUS,rifampicin,rpoB@V33L,S,{},"[{""proportion"": 0.0, ""confidence"": [0.0, 0.8690224567198142], ""p_value"": 1.0, ""contingency"": [[0, 1], [1320, 13041]]}]",{}
70,NC00962.3,catomatic_test,1.1,GARC1,RUS,rifampicin,rpoB@V129G,S,{},"[{""proportion"": 0.0, ""confidence"": [0.0, 0.688631842745253], ""p_value"": 1.0, ""contingency"": [[0, 3], [1320, 13041]]}]",{}
71,NC00962.3,catomatic_test,1.1,GARC1,RUS,rifampicin,rpoB@A902P,S,{},"[{""proportion"": 0.0, ""confidence"": [0.0, 0.8690224567198142], ""p_value"": 1.0, ""contingency"": [[0, 1], [1320, 13041]]}]",{}
72,NC00962.3,catomatic_test,1.1,GARC1,RUS,rifampicin,rpoB@P856L,S,{},"[{""proportion"": 0.0, ""confidence"": [0.0, 0.8690224567198142], ""p_value"": 1.0, ""contingency"": [[0, 1], [1320, 13041]]}]",{}
73,NC00962.3,catomatic_test,1.1,GARC1,RUS,rifampicin,rpoB@A527V,S,{},"[{""proportion"": 0.0, ""confidence"": [0.0, 0.8690224567198142], ""p_value"": 1.0, ""contingency"": [[0, 1], [1320, 13041]]}]",{}
74,NC00962.3,catomatic_test,1.1,GARC1,RUS,rifampicin,rpoB@V198M,S,{},"[{""proportion"": 0.0, ""confidence"": [0.0, 0.8690224567198142], ""p_value"": 1.0, ""contingency"": [[0, 1], [1320, 13041]]}]",{}
75,NC00962.3,catomatic_test,1.1,GARC1,RUS,rifampicin,rpoB@Q975K,S,{},"[{""proportion"": 0.0, ""confidence"": [0.0, 0.8690224567198142], ""p_value"": 1.0, ""contingency"": [[0, 1], [1320, 13041]]}]",{}
76,NC00962.3,catomatic_test,1.1,GARC1,RUS,rifampicin,rpoB@C681G,S,{},"[{""proportion"": 0.0, ""confidence"": [0.0, 0.8690224567198142], ""p_value"": 1.0, ""contingency"": [[0, 1], [1320, 13041]]}]",{}
77,NC00962.3,catomatic_test,1.1,GARC1,RUS,rifampicin,rpoB@P454S,S,{},"[{""proportion"": 0.0, ""confidence"": [0.0, 0.8690224567198142], ""p_value"": 1.0, ""contingency"": [[0, 1], [1320, 13041]]}]",{}
78,NC00962.3,catomatic_test,1.1,GARC1,RUS,rifampicin,rpoB@L452Q,S,{},"[{""proportion"": 0.0, ""confidence"": [0.0, 0.8690224567198142], ""p_value"": 1.0, ""contingency"": [[0, 1], [1320, 13041]]}]",{}
79,NC00962.3,catomatic_test,1.1,GARC1,RUS,rifampicin,rpoB@T427A,S,{},"[{""proportion"": 0.0, ""confidence"": [0.0, 0.8690224567198142], ""p_value"": 1.0, ""contingency"": [[0, 1], [1320, 13041]]}]",{}
80,NC00962.3,catomatic_test,1.1,GARC1,RUS,rifampicin,rpoB@M1070I,S,{},"[{""proportion"": 0.0, ""confidence"": [0.0, 0.8690224567198142], ""p_value"": 1.0, ""contingency"": [[0, 1], [1320, 13041]]}]",{}
81,NC00962.3,catomatic_test,1.1,GARC1,RUS,rifampicin,rpoB@P700L,S,{},"[{""proportion"": 0.0, ""confidence"": [0.0, 0.8690224567198142], ""p_value"": 1.0, ""contingency"": [[0, 1], [1320, 13041]]}]",{}
82,NC00962.3,catomatic_test,1.1,GARC1,RUS,rifampicin,rpoB@N963S,S,{},"[{""proportion"": 0.0, ""confidence"": [0.0, 0.7683817082692723], ""p_value"": 1.0, ""contingency"": [[0, 2], [1320, 13041]]}]",{}
83,NC00962.3,catomatic_test,1.1,GARC1,RUS,rifampicin,rpoB@S493W,S,{},"[{""proportion"": 0.0, ""confidence"": [0.0, 0.688631842745253], ""p_value"": 1.0, ""contingency"": [[0, 3], [1320, 13041]]}]",{}
84,NC00962.3,catomatic_test,1.1,GARC1,RUS,rifampicin,rpoB@S1134R,S,{},"[{""proportion"": 0.0, ""confidence"": [0.0, 0.8690224567198142], ""p_value"": 1.0, ""contingency"": [[0, 1], [1320, 13041]]}]",{}
85,NC00962.3,catomatic_test,1.1,GARC1,RUS,rifampicin,rpoB@K944N,S,{},"[{""proportion"": 0.0, ""confidence"": [0.0, 0.7683817082692723], ""p_value"": 1.0, ""contingency"": [[0, 2], [1320, 13041]]}]",{}
86,NC00962.3,catomatic_test,1.1,GARC1,RUS,rifampicin,rpoB@A29V,S,{},"[{""proportion"": 0.0, ""confidence"": [0.0, 0.8690224567198142], ""p_value"": 1.0, ""contingency"": [[0, 1], [1320, 13041]]}]",{}
87,NC00962.3,catomatic_test,1.1,GARC1,RUS,rifampicin,rpoB@E721D,S,{},"[{""proportion"": 0.0, ""confidence"": [0.0, 0.8690224567198142], ""p_value"": 1.0, ""contingency"": [[0, 1], [1320, 13041]]}]",{}
88,NC00962.3,catomatic_test,1.1,GARC1,RUS,rifampicin,rpoB@E360Q,S,{},"[{""proportion"": 0.0, ""confidence"": [0.0, 0.8690224567198142], ""p_value"": 1.0, ""contingency"": [[0, 1], [1320, 13041]]}]",{}
89,NC00962.3,catomatic_test,1.1,GARC1,RUS,rifampicin,rpoB@E639K,S,{},"[{""proportion"": 0.0, ""confidence"": [0.0, 0.8690224567198142], ""p_value"": 1.0, ""contingency"": [[0, 1], [1320, 13041]]}]",{}
90,NC00962.3,catomatic_test,1.1,GARC1,RUS,rifampicin,rpoB@E738A,S,{},"[{""proportion"": 0.0, ""confidence"": [0.0, 0.8690224567198142], ""p_value"": 1.0, ""contingency"": [[0, 1], [1320, 13041]]}]",{}
91,NC00962.3,catomatic_test,1.1,GARC1,RUS,rifampicin,rpoB@M587I,S,{},"[{""proportion"": 0.0, ""confidence"": [0.0, 0.8690224567198142], ""p_value"": 1.0, ""contingency"": [[0, 1], [1320, 13041]]}]",{}
92,NC00962.3,catomatic_test,1.1,GARC1,RUS,rifampicin,rpoB@E1011A,S,{},"[{""proportion"": 0.0, ""confidence"": [0.0, 0.8690224567198142], ""p_value"": 1.0, ""contingency"": [[0, 1], [1320, 13041]]}]",{}
93,NC00962.3,catomatic_test,1.1,GARC1,RUS,rifampicin,rpoB@A334D,S,{},"[{""proportion"": 0.0, ""confidence"": [0.0, 0.8690224567198142], ""p_value"": 1.0, ""contingency"": [[0, 1], [1320, 13041]]}]",{}
94,NC00962.3,catomatic_test,1.1,GARC1,RUS,rifampicin,rpoB@P682T,S,{},"[{""proportion"": 0.0, ""confidence"": [0.0, 0.8690224567198142], ""p_value"": 1.0, ""contingency"": [[0, 1], [1320, 13041]]}]",{}
95,NC00962.3,catomatic_test,1.1,GARC1,RUS,rifampicin,rpoB@D53N,S,{},"[{""proportion"": 0.0, ""confidence"": [0.0, 0.688631842745253], ""p_value"": 1.0, ""contingency"": [[0, 3], [1320, 13041]]}]",{}
96,NC00962.3,catomatic_test,1.1,GARC1,RUS,rifampicin,rpoB@R661Q,S,{},"[{""proportion"": 0.0, ""confidence"": [0.0, 0.7683817082692723], ""p_value"": 1.0, ""contingency"": [[0, 2], [1320, 13041]]}]",{}
97,NC00962.3,catomatic_test,1.1,GARC1,RUS,rifampicin,rpoB@c-73t,S,{},"[{""proportion"": 0.0, ""confidence"": [0.0, 0.8690224567198142], ""p_value"": 1.0, ""contingency"": [[0, 1], [1320, 13041]]}]",{}
98,NC00962.3,catomatic_test,1.1,GARC1,RUS,rifampicin,rpoB@V1117L,S,{},"[{""proportion"": 0.0, ""confidence"": [0.0, 0.8690224567198142], ""p_value"": 1.0, ""contingency"": [[0, 1], [1320, 13041]]}]",{}
99,NC00962.3,catomatic_test,1.1,GARC1,RUS,rifampicin,rpoB@E639Q,S,{},"[{""proportion"": 0.0, ""confidence"": [0.0, 0.8690224567198142], ""p_value"": 1.0, ""contingency"": [[0, 1], [1320, 13041]]}]",{}
100,NC00962.3,catomatic_test,1.1,GARC1,RUS,rifampicin,rpoB@D362H,S,{},"[{""proportion"": 0.0, ""confidence"": [0.0, 0.8690224567198142], ""p_value"": 1.0, ""contingency"": [[0, 1], [1320, 13041]]}]",{}
101,NC00962.3,catomatic_test,1.1,GARC1,RUS,rifampicin,rpoB@G376V,S,{},"[{""proportion"": 0.0, ""confidence"": [0.0, 0.8690224567198142], ""p_value"": 1.0, ""contingency"": [[0, 1], [1320, 13041]]}]",{}
102,NC00962.3,catomatic_test,1.1,GARC1,RUS,rifampicin,rpoB@I751V,S,{},"[{""proportion"": 0.0, ""confidence"": [0.0, 0.8690224567198142], ""p_value"": 1.0, ""contingency"": [[0, 1], [1320, 13041]]}]",{}
103,NC00962.3,catomatic_test,1.1,GARC1,RUS,rifampicin,rpoB@G642S,S,{},"[{""proportion"": 0.0, ""confidence"": [0.0, 0.8690224567198142], ""p_value"": 1.0, ""contingency"": [[0, 1], [1320, 13041]]}]",{}
104,NC00962.3,catomatic_test,1.1,GARC1,RUS,rifampicin,rpoB@D3G,S,{},"[{""proportion"": 0.0, ""confidence"": [0.0, 0.6238797470192704], ""p_value"": 0.578125, ""contingency"": [[0, 4], [1320, 13041]]}]",{}
105,NC00962.3,catomatic_test,1.1,GARC1,RUS,rifampicin,rpoB@V77M,S,{},"[{""proportion"": 0.0, ""confidence"": [0.0, 0.8690224567198142], ""p_value"": 1.0, ""contingency"": [[0, 1], [1320, 13041]]}]",{}
106,NC00962.3,catomatic_test,1.1,GARC1,RUS,rifampicin,rpoB@R511L,S,{},"[{""proportion"": 0.0, ""confidence"": [0.0, 0.8690224567198142], ""p_value"": 1.0, ""contingency"": [[0, 1], [1320, 13041]]}]",{}
107,NC00962.3,catomatic_test,1.1,GARC1,RUS,rifampicin,rpoB@P834L,S,{},"[{""proportion"": 0.0, ""confidence"": [0.0, 0.8690224567198142], ""p_value"": 1.0, ""contingency"": [[0, 1], [1320, 13041]]}]",{}
108,NC00962.3,catomatic_test,1.1,GARC1,RUS,rifampicin,rpoB@E66K,S,{},"[{""proportion"": 0.0, ""confidence"": [0.0, 0.8690224567198142], ""p_value"": 1.0, ""contingency"": [[0, 1], [1320, 13041]]}]",{}
109,NC00962.3,catomatic_test,1.1,GARC1,RUS,rifampicin,rpoB@L314V,S,{},"[{""proportion"": 0.0, ""confidence"": [0.0, 0.8690224567198142], ""p_value"": 1.0, ""contingency"": [[0, 1], [1320, 13041]]}]",{}
110,NC00962.3,catomatic_test,1.1,GARC1,RUS,rifampicin,rpoB@N24D,S,{},"[{""proportion"": 0.0, ""confidence"": [0.0, 0.8690224567198142], ""p_value"": 1.0, ""contingency"": [[0, 1], [1320, 13041]]}]",{}
111,NC00962.3,catomatic_test,1.1,GARC1,RUS,rifampicin,rpoB@g-96a,S,{},"[{""proportion"": 0.0, ""confidence"": [0.0, 0.8690224567198142], ""p_value"": 1.0, ""contingency"": [[0, 1], [1320, 13041]]}]",{}
112,NC00962.3,catomatic_test,1.1,GARC1,RUS,rifampicin,rpoB@L893R,S,{},"[{""proportion"": 0.0, ""confidence"": [0.0, 0.8690224567198142], ""p_value"": 1.0, ""contingency"": [[0, 1], [1320, 13041]]}]",{}
113,NC00962.3,catomatic_test,1.1,GARC1,RUS,rifampicin,rpoB@D270E,S,{},"[{""proportion"": 0.0, ""confidence"": [0.0, 0.8690224567198142], ""p_value"": 1.0, ""contingency"": [[0, 1], [1320, 13041]]}]",{}
114,NC00962.3,catomatic_test,1.1,GARC1,RUS,rifampicin,rpoB@E825G,S,{},"[{""proportion"": 0.0, ""confidence"": [0.0, 0.8690224567198142], ""p_value"": 1.0, ""contingency"": [[0, 1], [1320, 13041]]}]",{}
115,NC00962.3,catomatic_test,1.1,GARC1,RUS,rifampicin,rpoB@M153T,S,{},"[{""proportion"": 0.0, ""confidence"": [0.0, 0.7683817082692723], ""p_value"": 1.0, ""contingency"": [[0, 2], [1320, 13041]]}]",{}
116,NC00962.3,catomatic_test,1.1,GARC1,RUS,rifampicin,rpoB@D851G,S,{},"[{""proportion"": 0.0, ""confidence"": [0.0, 0.8690224567198142], ""p_value"": 1.0, ""contingency"": [[0, 1], [1320, 13041]]}]",{}
117,NC00962.3,catomatic_test,1.1,GARC1,RUS,rifampicin,rpoB@D545A,S,{},"[{""proportion"": 0.0, ""confidence"": [0.0, 0.8690224567198142], ""p_value"": 1.0, ""contingency"": [[0, 1], [1320, 13041]]}]",{}
118,NC00962.3,catomatic_test,1.1,GARC1,RUS,rifampicin,rpoB@T526S,S,{},"[{""proportion"": 0.0, ""confidence"": [0.0, 0.8690224567198142], ""p_value"": 1.0, ""contingency"": [[0, 1], [1320, 13041]]}]",{}
119,NC00962.3,catomatic_test,1.1,GARC1,RUS,rifampicin,rpoB@G236D,S,{},"[{""proportion"": 0.0, ""confidence"": [0.0, 0.8690224567198142], ""p_value"": 1.0, ""contingency"": [[0, 1], [1320, 13041]]}]",{}
120,NC00962.3,catomatic_test,1.1,GARC1,RUS,rifampicin,rpoB@H749Y,S,{},"[{""proportion"": 0.0, ""confidence"": [0.0, 0.8690224567198142], ""p_value"": 1.0, ""contingency"": [[0, 1], [1320, 13041]]}]",{}
121,NC00962.3,catomatic_test,1.1,GARC1,RUS,rifampicin,rpoB@I506V,S,{},"[{""proportion"": 0.0, ""confidence"": [0.0, 0.7683817082692723], ""p_value"": 1.0, ""contingency"": [[0, 2], [1320, 13041]]}]",{}
122,NC00962.3,catomatic_test,1.1,GARC1,RUS,rifampicin,rpoB@P27H,S,{},"[{""proportion"": 0.0, ""confidence"": [0.0, 0.8690224567198142], ""p_value"": 1.0, ""contingency"": [[0, 1], [1320, 13041]]}]",{}
123,NC00962.3,catomatic_test,1.1,GARC1,RUS,rifampicin,rpoB@L893V,S,{},"[{""proportion"": 0.0, ""confidence"": [0.0, 0.8690224567198142], ""p_value"": 1.0, ""contingency"": [[0, 1], [1320, 13041]]}]",{}
124,NC00962.3,catomatic_test,1.1,GARC1,RUS,rifampicin,rpoB@V549I,S,{},"[{""proportion"": 0.0, ""confidence"": [0.0, 0.8690224567198142], ""p_value"": 1.0, ""contingency"": [[0, 1], [1320, 13041]]}]",{}
125,NC00962.3,catomatic_test,1.1,GARC1,RUS,rifampicin,rpoB@F208L,S,{},"[{""proportion"": 0.0, ""confidence"": [0.0, 0.8690224567198142], ""p_value"": 1.0, ""contingency"": [[0, 1], [1320, 13041]]}]",{}
126,NC00962.3,catomatic_test,1.1,GARC1,RUS,rifampicin,rpoB@L452M,S,{},"[{""proportion"": 0.0, ""confidence"": [0.0, 0.8690224567198142], ""p_value"": 1.0, ""contingency"": [[0, 1], [1320, 13041]]}]",{}
127,NC00962.3,catomatic_test,1.1,GARC1,RUS,rifampicin,rpoB@D993G,S,{},"[{""proportion"": 0.0, ""confidence"": [0.0, 0.8690224567198142], ""p_value"": 1.0, ""contingency"": [[0, 1], [1320, 13041]]}]",{}
128,NC00962.3,catomatic_test,1.1,GARC1,RUS,rifampicin,rpoB@N381H,S,{},"[{""proportion"": 0.0, ""confidence"": [0.0, 0.1422732135075844], ""p_value"": 2.2361143228906374e-05, ""contingency"": [[0, 40], [1320, 13041]]}]",{}
129,NC00962.3,catomatic_test,1.1,GARC1,RUS,rifampicin,rpoB@D955N,S,{},"[{""proportion"": 0.0, ""confidence"": [0.0, 0.8690224567198142], ""p_value"": 1.0, ""contingency"": [[0, 1], [1320, 13041]]}]",{}
131,NC00962.3,catomatic_test,1.1,GARC1,RUS,rifampicin,rpoB@D49H,S,{},"[{""proportion"": 0.0, ""confidence"": [0.0, 0.8690224567198142], ""p_value"": 1.0, ""contingency"": [[0, 1], [1441, 15434]]}]",{}
132,NC00962.3,catomatic_test,1.1,GARC1,RUS,rifampicin,rpoB@F669L,S,{},"[{""proportion"": 0.0, ""confidence"": [0.0, 0.8690224567198142], ""p_value"": 1.0, ""contingency"": [[0, 1], [1441, 15434]]}]",{}
133,NC00962.3,catomatic_test,1.1,GARC1,RUS,rifampicin,rpoB@E639D,S,{},"[{""proportion"": 0.0, ""confidence"": [0.0, 0.30667567880625013], ""p_value"": 0.030663299374282364, ""contingency"": [[0, 15], [1441, 15434]]}]",{}
134,NC00962.3,catomatic_test,1.1,GARC1,RUS,rifampicin,rpoB@S984L,S,{},"[{""proportion"": 0.0, ""confidence"": [0.0, 0.8690224567198142], ""p_value"": 1.0, ""contingency"": [[0, 1], [1441, 15434]]}]",{}
135,NC00962.3,catomatic_test,1.1,GARC1,RUS,rifampicin,rpoB@S936R,S,{},"[{""proportion"": 0.0, ""confidence"": [0.0, 0.7683817082692723], ""p_value"": 1.0, ""contingency"": [[0, 2], [1441, 15434]]}]",{}
136,NC00962.3,catomatic_test,1.1,GARC1,RUS,rifampicin,rpoB@E737G,S,{},"[{""proportion"": 0.0, ""confidence"": [0.0, 0.8690224567198142], ""p_value"": 1.0, ""contingency"": [[0, 1], [1441, 15434]]}]",{}
137,NC00962.3,catomatic_test,1.1,GARC1,RUS,rifampicin,rpoB@L235R,S,{},"[{""proportion"": 0.0, ""confidence"": [0.0, 0.8690224567198142], ""p_value"": 1.0, ""contingency"": [[0, 1], [1441, 15434]]}]",{}
138,NC00962.3,catomatic_test,1.1,GARC1,RUS,rifampicin,rpoB@H656Q,S,{},"[{""proportion"": 0.0, ""confidence"": [0.0, 0.7683817082692723], ""p_value"": 1.0, ""contingency"": [[0, 2], [1441, 15434]]}]",{}
139,NC00962.3,catomatic_test,1.1,GARC1,RUS,rifampicin,rpoB@V946G,S,{},"[{""proportion"": 0.0, ""confidence"": [0.0, 0.8690224567198142], ""p_value"": 1.0, ""contingency"": [[0, 1], [1441, 15434]]}]",{}
140,NC00962.3,catomatic_test,1.1,GARC1,RUS,rifampicin,rpoB@I783V,S,{},"[{""proportion"": 0.0, ""confidence"": [0.0, 0.8690224567198142], ""p_value"": 1.0, ""contingency"": [[0, 1], [1441, 15434]]}]",{}
141,NC00962.3,catomatic_test,1.1,GARC1,RUS,rifampicin,rpoB@P358L,S,{},"[{""proportion"": 0.0, ""confidence"": [0.0, 0.4866114349942543], ""p_value"": 0.20404052734375, ""contingency"": [[0, 7], [1441, 15434]]}]",{}
142,NC00962.3,catomatic_test,1.1,GARC1,RUS,rifampicin,rpoB@T350I,S,{},"[{""proportion"": 0.0, ""confidence"": [0.0, 0.8690224567198142], ""p_value"": 1.0, ""contingency"": [[0, 1], [1441, 15434]]}]",{}
143,NC00962.3,catomatic_test,1.1,GARC1,RUS,rifampicin,rpoB@R532C,S,{},"[{""proportion"": 0.0, ""confidence"": [0.0, 0.8690224567198142], ""p_value"": 1.0, ""contingency"": [[0, 1], [1441, 15434]]}]",{}
144,NC00962.3,catomatic_test,1.1,GARC1,RUS,rifampicin,rpoB@S20I,S,{},"[{""proportion"": 0.0, ""confidence"": [0.0, 0.8690224567198142], ""p_value"": 1.0, ""contingency"": [[0, 1], [1441, 15434]]}]",{}
145,NC00962.3,catomatic_test,1.1,GARC1,RUS,rifampicin,rpoB@c-66t,S,{},"[{""proportion"": 0.0, ""confidence"": [0.0, 0.7683817082692723], ""p_value"": 1.0, ""contingency"": [[0, 2], [1441, 15434]]}]",{}
146,NC00962.3,catomatic_test,1.1,GARC1,RUS,rifampicin,rpoB@a-77g,S,{},"[{""proportion"": 0.0, ""confidence"": [0.0, 0.8690224567198142], ""p_value"": 1.0, ""contingency"": [[0, 1], [1441, 15434]]}]",{}
147,NC00962.3,catomatic_test,1.1,GARC1,RUS,rifampicin,rpoB@g-56t,S,{},"[{""proportion"": 0.0, ""confidence"": [0.0, 0.8690224567198142], ""p_value"": 1.0, ""contingency"": [[0, 1], [1441, 15434]]}]",{}
148,NC00962.3,catomatic_test,1.1,GARC1,RUS,rifampicin,rpoB@D1148E,S,{},"[{""proportion"": 0.0, ""confidence"": [0.0, 0.8690224567198142], ""p_value"": 1.0, ""contingency"": [[0, 1], [1441, 15434]]}]",{}
149,NC00962.3,catomatic_test,1.1,GARC1,RUS,rifampicin,rpoB@T508A,S,{},"[{""proportion"": 0.0, ""confidence"": [0.0, 0.8690224567198142], ""p_value"": 1.0, ""contingency"": [[0, 1], [1441, 15434]]}]",{}
150,NC00962.3,catomatic_test,1.1,GARC1,RUS,rifampicin,rpoB@M1070T,S,{},"[{""proportion"": 0.0, ""confidence"": [0.0, 0.8690224567198142], ""p_value"": 1.0, ""contingency"": [[0, 1], [1441, 15434]]}]",{}
151,NC00962.3,catomatic_test,1.1,GARC1,RUS,rifampicin,rpoB@V179A,S,{},"[{""proportion"": 0.0, ""confidence"": [0.0, 0.8690224567198142], ""p_value"": 1.0, ""contingency"": [[0, 1], [1441, 15434]]}]",{}
152,NC00962.3,catomatic_test,1.1,GARC1,RUS,rifampicin,rpoB@E1169A,S,{},"[{""proportion"": 0.0, ""confidence"": [0.0, 0.8690224567198142], ""p_value"": 1.0, ""contingency"": [[0, 1], [1441, 15434]]}]",{}
153,NC00962.3,catomatic_test,1.1,GARC1,RUS,rifampicin,rpoB@A544V,S,{},"[{""proportion"": 0.0, ""confidence"": [0.0, 0.8690224567198142], ""p_value"": 1.0, ""contingency"": [[0, 1], [1441, 15434]]}]",{}
154,NC00962.3,catomatic_test,1.1,GARC1,RUS,rifampicin,rpoB@P89S,S,{},"[{""proportion"": 0.0, ""confidence"": [0.0, 0.8690224567198142], ""p_value"": 1.0, ""contingency"": [[0, 1], [1441, 15434]]}]",{}
155,NC00962.3,catomatic_test,1.1,GARC1,RUS,rifampicin,rpoB@M434V,S,{},"[{""proportion"": 0.0, ""confidence"": [0.0, 0.8690224567198142], ""p_value"": 1.0, ""contingency"": [[0, 1], [1446, 15538]]}]",{}
156,NC00962.3,catomatic_test,1.1,GARC1,RUS,rifampicin,rpoB@A934T,S,{},"[{""proportion"": 0.0, ""confidence"": [0.0, 0.8690224567198142], ""p_value"": 1.0, ""contingency"": [[0, 1], [1446, 15538]]}]",{}
427,NC00962.3,catomatic_test,1.1,GARC1,RUS,rifampicin,rpoB@*=,S,{},"{""default_rule"": ""True""}",{}
130,NC00962.3,catomatic_test,1.1,GARC1,RUS,rifampicin,rpoB@L430P,R,{},"{""default_rule"": ""True""}",{}
157,NC00962.3,catomatic_test,1.1,GARC1,RUS,rifampicin,rpoB@I491F,R,{},"[{""proportion"": 0.6140350877192983, ""confidence"": [0.4445007630888275, 0.7597896607883031], ""p_value"": 6.5917986046767864e-09, ""contingency"": [[35, 22], [1446, 15540]]}]",{}
158,NC00962.3,catomatic_test,1.1,GARC1,RUS,rifampicin,rpoB@L452P,R,{},"[{""proportion"": 0.6375, ""confidence"": [0.4935188618941385, 0.7604203804104533], ""p_value"": 3.0021470542841016e-13, ""contingency"": [[51, 29], [1446, 15540]]}]",{}
159,NC00962.3,catomatic_test,1.1,GARC1,RUS,rifampicin,rpoB@S450L,R,{},"[{""proportion"": 0.9793103448275862, ""confidence"": [0.9717546675241627, 0.9848763206601835], ""p_value"": 0.0, ""contingency"": [[3124, 66], [1446, 15540]]}]",{}
160,NC00962.3,catomatic_test,1.1,GARC1,RUS,rifampicin,rpoB@S450W,R,{},"[{""proportion"": 0.9662921348314607, ""confidence"": [0.876441889089568, 0.9914421464447337], ""p_value"": 8.095919152227897e-48, ""contingency"": [[86, 3], [1446, 15540]]}]",{}
163,NC00962.3,catomatic_test,1.1,GARC1,RUS,rifampicin,rpoB@H445L,R,{},"[{""proportion"": 0.9111111111111111, ""confidence"": [0.7434056052812881, 0.9731640488790773], ""p_value"": 1.0065730652991214e-20, ""contingency"": [[41, 4], [1446, 15540]]}]",{}
164,NC00962.3,catomatic_test,1.1,GARC1,RUS,rifampicin,rpoB@E761D,R,{},"[{""proportion"": 1.0, ""confidence"": [0.8406409732537087, 1.0], ""p_value"": 8.470329472543003e-22, ""contingency"": [[35, 0], [1446, 15540]]}]",{}
165,NC00962.3,catomatic_test,1.1,GARC1,RUS,rifampicin,rpoB@I488V,R,{},"[{""proportion"": 1.0, ""confidence"": [0.37612025298072954, 1.0], ""p_value"": 0.00390625, ""contingency"": [[4, 0], [1446, 15540]]}]",{}
166,NC00962.3,catomatic_test,1.1,GARC1,RUS,rifampicin,rpoB@H445D,R,{},"[{""proportion"": 0.9854368932038835, ""confidence"": [0.9442659327125745, 0.9963134509963524], ""p_value"": 3.683291944940559e-117, ""contingency"": [[203, 3], [1446, 15540]]}]",{}
169,NC00962.3,catomatic_test,1.1,GARC1,RUS,rifampicin,rpoB@D435V,R,{},"[{""proportion"": 0.9698375870069605, ""confidence"": [0.9404831352865736, 0.9849458082129356], ""p_value"": 1.2410468000856634e-229, ""contingency"": [[418, 13], [1446, 15540]]}]",{}
171,NC00962.3,catomatic_test,1.1,GARC1,RUS,rifampicin,rpoB@H445R,R,{},"[{""proportion"": 0.9411764705882353, ""confidence"": [0.7498559047046236, 0.9884257819589044], ""p_value"": 1.745565497701662e-17, ""contingency"": [[32, 2], [1446, 15540]]}]",{}
172,NC00962.3,catomatic_test,1.1,GARC1,RUS,rifampicin,rpoB@H445Y,R,{},"[{""proportion"": 0.9757575757575757, ""confidence"": [0.9219731960683079, 0.9927591987369211], ""p_value"": 1.1116991360198203e-90, ""contingency"": [[161, 4], [1446, 15540]]}]",{}
173,NC00962.3,catomatic_test,1.1,GARC1,RUS,rifampicin,rpoB@D435F,R,{},"[{""proportion"": 0.8571428571428571, ""confidence"": [0.5796892998398842, 0.9631026713609665], ""p_value"": 8.609276846982539e-09, ""contingency"": [[18, 3], [1446, 15540]]}]",{}
176,NC00962.3,catomatic_test,1.1,GARC1,RUS,rifampicin,rpoB@H445N,R,{},"{""default_rule"": ""True""}",{}
177,NC00962.3,catomatic_test,1.1,GARC1,RUS,rifampicin,rpoB@S450F,R,{},"[{""proportion"": 0.9444444444444444, ""confidence"": [0.7614852739071134, 0.9890736004219853], ""p_value"": 1.2237508505456504e-18, ""contingency"": [[34, 2], [1446, 15540]]}]",{}
178,NC00962.3,catomatic_test,1.1,GARC1,RUS,rifampicin,rpoB@Q975H,R,{},"[{""proportion"": 0.7272727272727273, ""confidence"": [0.3555177015271844, 0.9280110377176183], ""p_value"": 0.0011882781982421875, ""contingency"": [[8, 3], [1446, 15540]]}]",{}
179,NC00962.3,catomatic_test,1.1,GARC1,RUS,rifampicin,rpoB@D435G,R,{},"[{""proportion"": 0.5882352941176471, ""confidence"": [0.30153205346624634, 0.8253989016651747], ""p_value"": 0.003100779140368104, ""contingency"": [[10, 7], [1446, 15540]]}]",{}
181,NC00962.3,catomatic_test,1.1,GARC1,RUS,rifampicin,rpoB@H445C,R,{},"[{""proportion"": 0.95, ""confidence"": [0.681702888085763, 0.9941022509253589], ""p_value"": 5.547917680814862e-11, ""contingency"": [[19, 1], [1446, 15540]]}]",{}
184,NC00962.3,catomatic_test,1.1,GARC1,RUS,rifampicin,rpoB@H445Q,R,{},"[{""proportion"": 0.8571428571428571, ""confidence"": [0.3837066545880805, 0.9829994632731663], ""p_value"": 0.0013427734375, ""contingency"": [[6, 1], [1446, 15540]]}]",{}
185,NC00962.3,catomatic_test,1.1,GARC1,RUS,rifampicin,rpoB@Q432K,R,{},"[{""proportion"": 0.8571428571428571, ""confidence"": [0.3837066545880805, 0.9829994632731663], ""p_value"": 0.0013427734375, ""contingency"": [[6, 1], [1446, 15540]]}]",{}
187,NC00962.3,catomatic_test,1.1,GARC1,RUS,rifampicin,rpoB@R552L,R,{},"[{""proportion"": 1.0, ""confidence"": [0.42974167897299076, 1.0], ""p_value"": 0.0009765625, ""contingency"": [[5, 0], [1446, 15540]]}]",{}
188,NC00962.3,catomatic_test,1.1,GARC1,RUS,rifampicin,rpoB@1299_ins_ttc,R,{},"[{""proportion"": 1.0, ""confidence"": [0.6237632263385658, 1.0], ""p_value"": 2.384185791015625e-07, ""contingency"": [[11, 0], [1446, 15540]]}]",{}
192,NC00962.3,catomatic_test,1.1,GARC1,RUS,rifampicin,rpoB@Q432L,R,{},"[{""proportion"": 0.9, ""confidence"": [0.4927682287671065, 0.988148496588967], ""p_value"": 2.956390380859375e-05, ""contingency"": [[9, 1], [1446, 15540]]}]",{}
193,NC00962.3,catomatic_test,1.1,GARC1,RUS,rifampicin,rpoB@P45S,R,{},"[{""proportion"": 1.0, ""confidence"": [0.42974167897299076, 1.0], ""p_value"": 0.0009765625, ""contingency"": [[5, 0], [1446, 15540]]}]",{}
197,NC00962.3,catomatic_test,1.1,GARC1,RUS,rifampicin,rpoB@D435Y,R,{},"[{""proportion"": 0.7333333333333333, ""confidence"": [0.5420215950659202, 0.8646801005386114], ""p_value"": 1.3966542187866855e-11, ""contingency"": [[33, 12], [1446, 15540]]}]",{}
205,NC00962.3,catomatic_test,1.1,GARC1,RUS,rifampicin,rpoB@S441L,R,{},"[{""proportion"": 1.0, ""confidence"": [0.5466386417408488, 1.0], ""p_value"": 1.52587890625e-05, ""contingency"": [[8, 0], [1446, 15540]]}]",{}
206,NC00962.3,catomatic_test,1.1,GARC1,RUS,rifampicin,rpoB@V170F,R,{},"[{""proportion"": 1.0, ""confidence"": [0.7966931937264483, 1.0], ""p_value"": 2.220446049250313e-16, ""contingency"": [[26, 0], [1446, 15540]]}]",{}
213,NC00962.3,catomatic_test,1.1,GARC1,RUS,rifampicin,rpoB@Q432P,R,{},"[{""proportion"": 1.0, ""confidence"": [0.706873120828753, 0.9999999999999999], ""p_value"": 2.3283064365386963e-10, ""contingency"": [[16, 0], [1446, 15540]]}]",{}
219,NC00962.3,catomatic_test,1.1,GARC1,RUS,rifampicin,rpoB@S874Y,R,{},"[{""proportion"": 1.0, ""confidence"": [0.42974167897299076, 1.0], ""p_value"": 0.0009765625, ""contingency"": [[5, 0], [1446, 15540]]}]",{}
223,NC00962.3,catomatic_test,1.1,GARC1,RUS,rifampicin,rpoB@R827C,R,{},"[{""proportion"": 1.0, ""confidence"": [0.42974167897299076, 1.0], ""p_value"": 0.0009765625, ""contingency"": [[5, 0], [1446, 15540]]}]",{}
224,NC00962.3,catomatic_test,1.1,GARC1,RUS,rifampicin,rpoB@1296_del_attcatgga,R,{},"[{""proportion"": 1.0, ""confidence"": [0.42974167897299076, 1.0], ""p_value"": 0.0009765625, ""contingency"": [[5, 0], [1446, 15540]]}]",{}
227,NC00962.3,catomatic_test,1.1,GARC1,RUS,rifampicin,rpoB@I491L,R,{},"[{""proportion"": 1.0, ""confidence"": [0.42974167897299076, 1.0], ""p_value"": 0.0009765625, ""contingency"": [[5, 0], [1446, 15540]]}]",{}
235,NC00962.3,catomatic_test,1.1,GARC1,RUS,rifampicin,rpoB@1312_del_aac,R,{},"[{""proportion"": 0.8333333333333334, ""confidence"": [0.33646332191473816, 0.9801201948571124], ""p_value"": 0.004638671875, ""contingency"": [[5, 1], [1446, 15540]]}]",{}
239,NC00962.3,catomatic_test,1.1,GARC1,RUS,rifampicin,rpoB@S450M,R,{},"[{""proportion"": 1.0, ""confidence"": [0.37612025298072954, 1.0], ""p_value"": 0.00390625, ""contingency"": [[4, 0], [1446, 15540]]}]",{}
310,NC00962.3,catomatic_test,1.1,GARC1,RUS,rifampicin,rpoB@1331_ins_gac,R,{},"[{""proportion"": 1.0, ""confidence"": [0.42974167897299076, 1.0], ""p_value"": 0.0009765625, ""contingency"": [[5, 0], [1446, 15540]]}]",{}
315,NC00962.3,catomatic_test,1.1,GARC1,RUS,rifampicin,rpoB@G426?,R,{},"{""default_rule"": ""True""}",{}
316,NC00962.3,catomatic_test,1.1,GARC1,RUS,rifampicin,rpoB@T427?,R,{},"{""default_rule"": ""True""}",{}
317,NC00962.3,catomatic_test,1.1,GARC1,RUS,rifampicin,rpoB@S428?,R,{},"{""default_rule"": ""True""}",{}
318,NC00962.3,catomatic_test,1.1,GARC1,RUS,rifampicin,rpoB@Q429?,R,{},"{""default_rule"": ""True""}",{}
319,NC00962.3,catomatic_test,1.1,GARC1,RUS,rifampicin,rpoB@L430?,R,{},"{""default_rule"": ""True""}",{}
320,NC00962.3,catomatic_test,1.1,GARC1,RUS,rifampicin,rpoB@S431?,R,{},"{""default_rule"": ""True""}",{}
321,NC00962.3,catomatic_test,1.1,GARC1,RUS,rifampicin,rpoB@Q432?,R,{},"{""default_rule"": ""True""}",{}
322,NC00962.3,catomatic_test,1.1,GARC1,RUS,rifampicin,rpoB@F433?,R,{},"{""default_rule"": ""True""}",{}
323,NC00962.3,catomatic_test,1.1,GARC1,RUS,rifampicin,rpoB@M434?,R,{},"{""default_rule"": ""True""}",{}
324,NC00962.3,catomatic_test,1.1,GARC1,RUS,rifampicin,rpoB@D435?,R,{},"{""default_rule"": ""True""}",{}
325,NC00962.3,catomatic_test,1.1,GARC1,RUS,rifampicin,rpoB@Q436?,R,{},"{""default_rule"": ""True""}",{}
326,NC00962.3,catomatic_test,1.1,GARC1,RUS,rifampicin,rpoB@N437?,R,{},"{""default_rule"": ""True""}",{}
327,NC00962.3,catomatic_test,1.1,GARC1,RUS,rifampicin,rpoB@N438?,R,{},"{""default_rule"": ""True""}",{}
328,NC00962.3,catomatic_test,1.1,GARC1,RUS,rifampicin,rpoB@P439?,R,{},"{""default_rule"": ""True""}",{}
329,NC00962.3,catomatic_test,1.1,GARC1,RUS,rifampicin,rpoB@L440?,R,{},"{""default_rule"": ""True""}",{}
330,NC00962.3,catomatic_test,1.1,GARC1,RUS,rifampicin,rpoB@S441?,R,{},"{""default_rule"": ""True""}",{}
331,NC00962.3,catomatic_test,1.1,GARC1,RUS,rifampicin,rpoB@G442?,R,{},"{""default_rule"": ""True""}",{}
332,NC00962.3,catomatic_test,1.1,GARC1,RUS,rifampicin,rpoB@L443?,R,{},"{""default_rule"": ""True""}",{}
333,NC00962.3,catomatic_test,1.1,GARC1,RUS,rifampicin,rpoB@T444?,R,{},"{""default_rule"": ""True""}",{}
334,NC00962.3,catomatic_test,1.1,GARC1,RUS,rifampicin,rpoB@H445?,R,{},"{""default_rule"": ""True""}",{}
335,NC00962.3,catomatic_test,1.1,GARC1,RUS,rifampicin,rpoB@K446?,R,{},"{""default_rule"": ""True""}",{}
336,NC00962.3,catomatic_test,1.1,GARC1,RUS,rifampicin,rpoB@R447?,R,{},"{""default_rule"": ""True""}",{}
337,NC00962.3,catomatic_test,1.1,GARC1,RUS,rifampicin,rpoB@R448?,R,{},"{""default_rule"": ""True""}",{}
338,NC00962.3,catomatic_test,1.1,GARC1,RUS,rifampicin,rpoB@L449?,R,{},"{""default_rule"": ""True""}",{}
339,NC00962.3,catomatic_test,1.1,GARC1,RUS,rifampicin,rpoB@S450?,R,{},"{""default_rule"": ""True""}",{}
340,NC00962.3,catomatic_test,1.1,GARC1,RUS,rifampicin,rpoB@A451?,R,{},"{""default_rule"": ""True""}",{}
341,NC00962.3,catomatic_test,1.1,GARC1,RUS,rifampicin,rpoB@L452?,R,{},"{""default_rule"": ""True""}",{}
342,NC00962.3,catomatic_test,1.1,GARC1,RUS,rifampicin,rpoB@1276_indel,R,{},"{""default_rule"": ""True""}",{}
343,NC00962.3,catomatic_test,1.1,GARC1,RUS,rifampicin,rpoB@1277_indel,R,{},"{""default_rule"": ""True""}",{}
344,NC00962.3,catomatic_test,1.1,GARC1,RUS,rifampicin,rpoB@1278_indel,R,{},"{""default_rule"": ""True""}",{}
345,NC00962.3,catomatic_test,1.1,GARC1,RUS,rifampicin,rpoB@1279_indel,R,{},"{""default_rule"": ""True""}",{}
346,NC00962.3,catomatic_test,1.1,GARC1,RUS,rifampicin,rpoB@1280_indel,R,{},"{""default_rule"": ""True""}",{}
347,NC00962.3,catomatic_test,1.1,GARC1,RUS,rifampicin,rpoB@1281_indel,R,{},"{""default_rule"": ""True""}",{}
348,NC00962.3,catomatic_test,1.1,GARC1,RUS,rifampicin,rpoB@1282_indel,R,{},"{""default_rule"": ""True""}",{}
349,NC00962.3,catomatic_test,1.1,GARC1,RUS,rifampicin,rpoB@1283_indel,R,{},"{""default_rule"": ""True""}",{}
350,NC00962.3,catomatic_test,1.1,GARC1,RUS,rifampicin,rpoB@1284_indel,R,{},"{""default_rule"": ""True""}",{}
351,NC00962.3,catomatic_test,1.1,GARC1,RUS,rifampicin,rpoB@1285_indel,R,{},"{""default_rule"": ""True""}",{}
352,NC00962.3,catomatic_test,1.1,GARC1,RUS,rifampicin,rpoB@1286_indel,R,{},"{""default_rule"": ""True""}",{}
353,NC00962.3,catomatic_test,1.1,GARC1,RUS,rifampicin,rpoB@1287_indel,R,{},"{""default_rule"": ""True""}",{}
354,NC00962.3,catomatic_test,1.1,GARC1,RUS,rifampicin,rpoB@1288_indel,R,{},"{""default_rule"": ""True""}",{}
355,NC00962.3,catomatic_test,1.1,GARC1,RUS,rifampicin,rpoB@1289_indel,R,{},"{""default_rule"": ""True""}",{}
356,NC00962.3,catomatic_test,1.1,GARC1,RUS,rifampicin,rpoB@1290_indel,R,{},"{""default_rule"": ""True""}",{}
357,NC00962.3,catomatic_test,1.1,GARC1,RUS,rifampicin,rpoB@1291_indel,R,{},"{""default_rule"": ""True""}",{}
358,NC00962.3,catomatic_test,1.1,GARC1,RUS,rifampicin,rpoB@1292_indel,R,{},"{""default_rule"": ""True""}",{}
359,NC00962.3,catomatic_test,1.1,GARC1,RUS,rifampicin,rpoB@1293_indel,R,{},"{""default_rule"": ""True""}",{}
360,NC00962.3,catomatic_test,1.1,GARC1,RUS,rifampicin,rpoB@1294_indel,R,{},"{""default_rule"": ""True""}",{}
361,NC00962.3,catomatic_test,1.1,GARC1,RUS,rifampicin,rpoB@1295_indel,R,{},"{""default_rule"": ""True""}",{}
362,NC00962.3,catomatic_test,1.1,GARC1,RUS,rifampicin,rpoB@1296_indel,R,{},"{""default_rule"": ""True""}",{}
363,NC00962.3,catomatic_test,1.1,GARC1,RUS,rifampicin,rpoB@1297_indel,R,{},"{""default_rule"": ""True""}",{}
364,NC00962.3,catomatic_test,1.1,GARC1,RUS,rifampicin,rpoB@1298_indel,R,{},"{""default_rule"": ""True""}",{}
365,NC00962.3,catomatic_test,1.1,GARC1,RUS,rifampicin,rpoB@1299_indel,R,{},"{""default_rule"": ""True""}",{}
366,NC00962.3,catomatic_test,1.1,GARC1,RUS,rifampicin,rpoB@1300_indel,R,{},"{""default_rule"": ""True""}",{}
367,NC00962.3,catomatic_test,1.1,GARC1,RUS,rifampicin,rpoB@1301_indel,R,{},"{""default_rule"": ""True""}",{}
368,NC00962.3,catomatic_test,1.1,GARC1,RUS,rifampicin,rpoB@1302_indel,R,{},"{""default_rule"": ""True""}",{}
369,NC00962.3,catomatic_test,1.1,GARC1,RUS,rifampicin,rpoB@1303_indel,R,{},"{""default_rule"": ""True""}",{}
370,NC00962.3,catomatic_test,1.1,GARC1,RUS,rifampicin,rpoB@1304_indel,R,{},"{""default_rule"": ""True""}",{}
371,NC00962.3,catomatic_test,1.1,GARC1,RUS,rifampicin,rpoB@1305_indel,R,{},"{""default_rule"": ""True""}",{}
372,NC00962.3,catomatic_test,1.1,GARC1,RUS,rifampicin,rpoB@1306_indel,R,{},"{""default_rule"": ""True""}",{}
373,NC00962.3,catomatic_test,1.1,GARC1,RUS,rifampicin,rpoB@1307_indel,R,{},"{""default_rule"": ""True""}",{}
374,NC00962.3,catomatic_test,1.1,GARC1,RUS,rifampicin,rpoB@1308_indel,R,{},"{""default_rule"": ""True""}",{}
375,NC00962.3,catomatic_test,1.1,GARC1,RUS,rifampicin,rpoB@1309_indel,R,{},"{""default_rule"": ""True""}",{}
376,NC00962.3,catomatic_test,1.1,GARC1,RUS,rifampicin,rpoB@1310_indel,R,{},"{""default_rule"": ""True""}",{}
377,NC00962.3,catomatic_test,1.1,GARC1,RUS,rifampicin,rpoB@1311_indel,R,{},"{""default_rule"": ""True""}",{}
378,NC00962.3,catomatic_test,1.1,GARC1,RUS,rifampicin,rpoB@1312_indel,R,{},"{""default_rule"": ""True""}",{}
379,NC00962.3,catomatic_test,1.1,GARC1,RUS,rifampicin,rpoB@1313_indel,R,{},"{""default_rule"": ""True""}",{}
380,NC00962.3,catomatic_test,1.1,GARC1,RUS,rifampicin,rpoB@1314_indel,R,{},"{""default_rule"": ""True""}",{}
381,NC00962.3,catomatic_test,1.1,GARC1,RUS,rifampicin,rpoB@1315_indel,R,{},"{""default_rule"": ""True""}",{}
382,NC00962.3,catomatic_test,1.1,GARC1,RUS,rifampicin,rpoB@1316_indel,R,{},"{""default_rule"": ""True""}",{}
383,NC00962.3,catomatic_test,1.1,GARC1,RUS,rifampicin,rpoB@1317_indel,R,{},"{""default_rule"": ""True""}",{}
384,NC00962.3,catomatic_test,1.1,GARC1,RUS,rifampicin,rpoB@1318_indel,R,{},"{""default_rule"": ""True""}",{}
385,NC00962.3,catomatic_test,1.1,GARC1,RUS,rifampicin,rpoB@1319_indel,R,{},"{""default_rule"": ""True""}",{}
386,NC00962.3,catomatic_test,1.1,GARC1,RUS,rifampicin,rpoB@1320_indel,R,{},"{""default_rule"": ""True""}",{}
387,NC00962.3,catomatic_test,1.1,GARC1,RUS,rifampicin,rpoB@1321_indel,R,{},"{""default_rule"": ""True""}",{}
388,NC00962.3,catomatic_test,1.1,GARC1,RUS,rifampicin,rpoB@1322_indel,R,{},"{""default_rule"": ""True""}",{}
389,NC00962.3,catomatic_test,1.1,GARC1,RUS,rifampicin,rpoB@1323_indel,R,{},"{""default_rule"": ""True""}",{}
390,NC00962.3,catomatic_test,1.1,GARC1,RUS,rifampicin,rpoB@1324_indel,R,{},"{""default_rule"": ""True""}",{}
391,NC00962.3,catomatic_test,1.1,GARC1,RUS,rifampicin,rpoB@1325_indel,R,{},"{""default_rule"": ""True""}",{}
392,NC00962.3,catomatic_test,1.1,GARC1,RUS,rifampicin,rpoB@1326_indel,R,{},"{""default_rule"": ""True""}",{}
393,NC00962.3,catomatic_test,1.1,GARC1,RUS,rifampicin,rpoB@1327_indel,R,{},"{""default_rule"": ""True""}",{}
394,NC00962.3,catomatic_test,1.1,GARC1,RUS,rifampicin,rpoB@1328_indel,R,{},"{""default_rule"": ""True""}",{}
395,NC00962.3,catomatic_test,1.1,GARC1,RUS,rifampicin,rpoB@1329_indel,R,{},"{""default_rule"": ""True""}",{}
396,NC00962.3,catomatic_test,1.1,GARC1,RUS,rifampicin,rpoB@1330_indel,R,{},"{""default_rule"": ""True""}",{}
397,NC00962.3,catomatic_test,1.1,GARC1,RUS,rifampicin,rpoB@1331_indel,R,{},"{""default_rule"": ""True""}",{}
398,NC00962.3,catomatic_test,1.1,GARC1,RUS,rifampicin,rpoB@1332_indel,R,{},"{""default_rule"": ""True""}",{}
399,NC00962.3,catomatic_test,1.1,GARC1,RUS,rifampicin,rpoB@1333_indel,R,{},"{""default_rule"": ""True""}",{}
400,NC00962.3,catomatic_test,1.1,GARC1,RUS,rifampicin,rpoB@1334_indel,R,{},"{""default_rule"": ""True""}",{}
401,NC00962.3,catomatic_test,1.1,GARC1,RUS,rifampicin,rpoB@1335_indel,R,{},"{""default_rule"": ""True""}",{}
402,NC00962.3,catomatic_test,1.1,GARC1,RUS,rifampicin,rpoB@1336_indel,R,{},"{""default_rule"": ""True""}",{}
403,NC00962.3,catomatic_test,1.1,GARC1,RUS,rifampicin,rpoB@1337_indel,R,{},"{""default_rule"": ""True""}",{}
404,NC00962.3,catomatic_test,1.1,GARC1,RUS,rifampicin,rpoB@1338_indel,R,{},"{""default_rule"": ""True""}",{}
405,NC00962.3,catomatic_test,1.1,GARC1,RUS,rifampicin,rpoB@1339_indel,R,{},"{""default_rule"": ""True""}",{}
406,NC00962.3,catomatic_test,1.1,GARC1,RUS,rifampicin,rpoB@1340_indel,R,{},"{""default_rule"": ""True""}",{}
407,NC00962.3,catomatic_test,1.1,GARC1,RUS,rifampicin,rpoB@1341_indel,R,{},"{""default_rule"": ""True""}",{}
408,NC00962.3,catomatic_test,1.1,GARC1,RUS,rifampicin,rpoB@1342_indel,R,{},"{""default_rule"": ""True""}",{}
409,NC00962.3,catomatic_test,1.1,GARC1,RUS,rifampicin,rpoB@1343_indel,R,{},"{""default_rule"": ""True""}",{}
410,NC00962.3,catomatic_test,1.1,GARC1,RUS,rifampicin,rpoB@1344_indel,R,{},"{""default_rule"": ""True""}",{}
411,NC00962.3,catomatic_test,1.1,GARC1,RUS,rifampicin,rpoB@1345_indel,R,{},"{""default_rule"": ""True""}",{}
412,NC00962.3,catomatic_test,1.1,GARC1,RUS,rifampicin,rpoB@1346_indel,R,{},"{""default_rule"": ""True""}",{}
413,NC00962.3,catomatic_test,1.1,GARC1,RUS,rifampicin,rpoB@1347_indel,R,{},"{""default_rule"": ""True""}",{}
414,NC00962.3,catomatic_test,1.1,GARC1,RUS,rifampicin,rpoB@1348_indel,R,{},"{""default_rule"": ""True""}",{}
415,NC00962.3,catomatic_test,1.1,GARC1,RUS,rifampicin,rpoB@1349_indel,R,{},"{""default_rule"": ""True""}",{}
416,NC00962.3,catomatic_test,1.1,GARC1,RUS,rifampicin,rpoB@1350_indel,R,{},"{""default_rule"": ""True""}",{}
417,NC00962.3,catomatic_test,1.1,GARC1,RUS,rifampicin,rpoB@1351_indel,R,{},"{""default_rule"": ""True""}",{}
418,NC00962.3,catomatic_test,1.1,GARC1,RUS,rifampicin,rpoB@1352_indel,R,{},"{""default_rule"": ""True""}",{}
419,NC00962.3,catomatic_test,1.1,GARC1,RUS,rifampicin,rpoB@1353_indel,R,{},"{""default_rule"": ""True""}",{}
420,NC00962.3,catomatic_test,1.1,GARC1,RUS,rifampicin,rpoB@1354_indel,R,{},"{""default_rule"": ""True""}",{}
421,NC00962.3,catomatic_test,1.1,GARC1,RUS,rifampicin,rpoB@1355_indel,R,{},"{""default_rule"": ""True""}",{}
422,NC00962.3,catomatic_test,1.1,GARC1,RUS,rifampicin,rpoB@1356_indel,R,{},"{""default_rule"": ""True""}",{}
161,NC00962.3,catomatic_test,1.1,GARC1,RUS,rifampicin,rpoB@M390T,U,{},"[{""proportion"": 0.125, ""confidence"": [0.014849891400827911, 0.5751711272935356], ""p_value"": 0.68853759765625, ""contingency"": [[1, 7], [1446, 15540]]}]",{}
162,NC00962.3,catomatic_test,1.1,GARC1,RUS,rifampicin,rpoB@M707T,U,{},"[{""proportion"": 1.0, ""confidence"": [0.13097754328018593, 1.0000000000000002], ""p_value"": 0.25, ""contingency"": [[1, 0], [1446, 15540]]}]",{}
167,NC00962.3,catomatic_test,1.1,GARC1,RUS,rifampicin,rpoB@I925V,U,{},"[{""proportion"": 0.25, ""confidence"": [0.03006559554895311, 0.7818742779606822], ""p_value"": 1.0, ""contingency"": [[1, 3], [1446, 15540]]}]",{}
168,NC00962.3,catomatic_test,1.1,GARC1,RUS,rifampicin,rpoB@V496L,U,{},"[{""proportion"": 1.0, ""confidence"": [0.13097754328018593, 1.0000000000000002], ""p_value"": 0.25, ""contingency"": [[1, 0], [1446, 15540]]}]",{}
170,NC00962.3,catomatic_test,1.1,GARC1,RUS,rifampicin,rpoB@L731P,U,{},"[{""proportion"": 1.0, ""confidence"": [0.3113681572547469, 1.0], ""p_value"": 0.015625, ""contingency"": [[3, 0], [1446, 15540]]}]",{}
174,NC00962.3,catomatic_test,1.1,GARC1,RUS,rifampicin,rpoB@V695L,U,{},"[{""proportion"": 0.1746031746031746, ""confidence"": [0.08439313338010174, 0.32682161667671494], ""p_value"": 0.191444153135333, ""contingency"": [[11, 52], [1446, 15540]]}]",{}
175,NC00962.3,catomatic_test,1.1,GARC1,RUS,rifampicin,rpoB@A692T,U,{},"[{""proportion"": 0.25, ""confidence"": [0.050528435625292197, 0.6761522435042835], ""p_value"": 1.0, ""contingency"": [[2, 6], [1446, 15540]]}]",{}
180,NC00962.3,catomatic_test,1.1,GARC1,RUS,rifampicin,rpoB@I491V,U,{},"[{""proportion"": 1.0, ""confidence"": [0.13097754328018593, 1.0000000000000002], ""p_value"": 0.25, ""contingency"": [[1, 0], [1446, 15540]]}]",{}
182,NC00962.3,catomatic_test,1.1,GARC1,RUS,rifampicin,rpoB@E550G,U,{},"[{""proportion"": 1.0, ""confidence"": [0.3113681572547469, 1.0], ""p_value"": 0.015625, ""contingency"": [[3, 0], [1446, 15540]]}]",{}
183,NC00962.3,catomatic_test,1.1,GARC1,RUS,rifampicin,rpoB@S195R,U,{},"[{""proportion"": 1.0, ""confidence"": [0.13097754328018593, 1.0000000000000002], ""p_value"": 0.25, ""contingency"": [[1, 0], [1446, 15540]]}]",{}
186,NC00962.3,catomatic_test,1.1,GARC1,RUS,rifampicin,rpoB@H445P,U,{},"[{""proportion"": 1.0, ""confidence"": [0.13097754328018593, 1.0000000000000002], ""p_value"": 0.25, ""contingency"": [[1, 0], [1446, 15540]]}]",{}
189,NC00962.3,catomatic_test,1.1,GARC1,RUS,rifampicin,rpoB@V534M,U,{},"[{""proportion"": 1.0, ""confidence"": [0.23161829173072768, 1.0], ""p_value"": 0.0625, ""contingency"": [[2, 0], [1446, 15540]]}]",{}
190,NC00962.3,catomatic_test,1.1,GARC1,RUS,rifampicin,rpoB@1294_del_caa,U,{},"[{""proportion"": 1.0, ""confidence"": [0.23161829173072768, 1.0], ""p_value"": 0.0625, ""contingency"": [[2, 0], [1446, 15540]]}]",{}
191,NC00962.3,catomatic_test,1.1,GARC1,RUS,rifampicin,rpoB@S441Q,U,{},"[{""proportion"": 1.0, ""confidence"": [0.23161829173072768, 1.0], ""p_value"": 0.0625, ""contingency"": [[2, 0], [1446, 15540]]}]",{}
194,NC00962.3,catomatic_test,1.1,GARC1,RUS,rifampicin,rpoB@c-4t,U,{},"[{""proportion"": 1.0, ""confidence"": [0.13097754328018593, 1.0000000000000002], ""p_value"": 0.25, ""contingency"": [[1, 0], [1446, 15540]]}]",{}
195,NC00962.3,catomatic_test,1.1,GARC1,RUS,rifampicin,rpoB@V534A,U,{},"[{""proportion"": 1.0, ""confidence"": [0.23161829173072768, 1.0], ""p_value"": 0.0625, ""contingency"": [[2, 0], [1446, 15540]]}]",{}
196,NC00962.3,catomatic_test,1.1,GARC1,RUS,rifampicin,rpoB@S493L,U,{},"[{""proportion"": 0.5, ""confidence"": [0.06171307677810186, 0.938286923221898], ""p_value"": 0.4375, ""contingency"": [[1, 1], [1446, 15540]]}]",{}
198,NC00962.3,catomatic_test,1.1,GARC1,RUS,rifampicin,rpoB@A951T,U,{},"[{""proportion"": 1.0, ""confidence"": [0.13097754328018593, 1.0000000000000002], ""p_value"": 0.25, ""contingency"": [[1, 0], [1446, 15540]]}]",{}
199,NC00962.3,catomatic_test,1.1,GARC1,RUS,rifampicin,rpoB@D520A,U,{},"[{""proportion"": 1.0, ""confidence"": [0.13097754328018593, 1.0000000000000002], ""p_value"": 0.25, ""contingency"": [[1, 0], [1446, 15540]]}]",{}
200,NC00962.3,catomatic_test,1.1,GARC1,RUS,rifampicin,rpoB@Q429H,U,{},"[{""proportion"": 1.0, ""confidence"": [0.13097754328018593, 1.0000000000000002], ""p_value"": 0.25, ""contingency"": [[1, 0], [1446, 15540]]}]",{}
201,NC00962.3,catomatic_test,1.1,GARC1,RUS,rifampicin,rpoB@A286V,U,{},"[{""proportion"": 1.0, ""confidence"": [0.3113681572547469, 1.0], ""p_value"": 0.015625, ""contingency"": [[3, 0], [1446, 15540]]}]",{}
202,NC00962.3,catomatic_test,1.1,GARC1,RUS,rifampicin,rpoB@A584G,U,{},"[{""proportion"": 1.0, ""confidence"": [0.13097754328018593, 1.0000000000000002], ""p_value"": 0.25, ""contingency"": [[1, 0], [1446, 15540]]}]",{}
203,NC00962.3,catomatic_test,1.1,GARC1,RUS,rifampicin,rpoB@A638G,U,{},"[{""proportion"": 1.0, ""confidence"": [0.13097754328018593, 1.0000000000000002], ""p_value"": 0.25, ""contingency"": [[1, 0], [1446, 15540]]}]",{}
204,NC00962.3,catomatic_test,1.1,GARC1,RUS,rifampicin,rpoB@T444I,U,{},"[{""proportion"": 1.0, ""confidence"": [0.13097754328018593, 1.0000000000000002], ""p_value"": 0.25, ""contingency"": [[1, 0], [1446, 15540]]}]",{}
207,NC00962.3,catomatic_test,1.1,GARC1,RUS,rifampicin,rpoB@1294_ins_gcc,U,{},"[{""proportion"": 1.0, ""confidence"": [0.23161829173072768, 1.0], ""p_value"": 0.0625, ""contingency"": [[2, 0], [1446, 15540]]}]",{}
208,NC00962.3,catomatic_test,1.1,GARC1,RUS,rifampicin,rpoB@1306_del_cag,U,{},"[{""proportion"": 1.0, ""confidence"": [0.13097754328018593, 1.0000000000000002], ""p_value"": 0.25, ""contingency"": [[1, 0], [1446, 15540]]}]",{}
209,NC00962.3,catomatic_test,1.1,GARC1,RUS,rifampicin,rpoB@D92G,U,{},"[{""proportion"": 0.5, ""confidence"": [0.06171307677810186, 0.938286923221898], ""p_value"": 0.4375, ""contingency"": [[1, 1], [1446, 15540]]}]",{}
210,NC00962.3,catomatic_test,1.1,GARC1,RUS,rifampicin,rpoB@T399I,U,{},"[{""proportion"": 1.0, ""confidence"": [0.23161829173072768, 1.0], ""p_value"": 0.0625, ""contingency"": [[2, 0], [1446, 15540]]}]",{}
211,NC00962.3,catomatic_test,1.1,GARC1,RUS,rifampicin,rpoB@R1008C,U,{},"[{""proportion"": 1.0, ""confidence"": [0.13097754328018593, 1.0000000000000002], ""p_value"": 0.25, ""contingency"": [[1, 0], [1446, 15540]]}]",{}
212,NC00962.3,catomatic_test,1.1,GARC1,RUS,rifampicin,rpoB@L173P,U,{},"[{""proportion"": 1.0, ""confidence"": [0.13097754328018593, 1.0000000000000002], ""p_value"": 0.25, ""contingency"": [[1, 0], [1446, 15540]]}]",{}
214,NC00962.3,catomatic_test,1.1,GARC1,RUS,rifampicin,rpoB@I480V,U,{},"[{""proportion"": 1.0, ""confidence"": [0.3113681572547469, 1.0], ""p_value"": 0.015625, ""contingency"": [[3, 0], [1446, 15540]]}]",{}
215,NC00962.3,catomatic_test,1.1,GARC1,RUS,rifampicin,rpoB@V359A,U,{},"[{""proportion"": 0.5, ""confidence"": [0.10506970646097862, 0.8949302935390214], ""p_value"": 0.26171875, ""contingency"": [[2, 2], [1446, 15540]]}]",{}
216,NC00962.3,catomatic_test,1.1,GARC1,RUS,rifampicin,rpoB@V496M,U,{},"[{""proportion"": 1.0, ""confidence"": [0.13097754328018593, 1.0000000000000002], ""p_value"": 0.25, ""contingency"": [[1, 0], [1446, 15540]]}]",{}
217,NC00962.3,catomatic_test,1.1,GARC1,RUS,rifampicin,rpoB@H445S,U,{},"[{""proportion"": 0.6, ""confidence"": [0.16865619801943219, 0.9172921377751658], ""p_value"": 0.103515625, ""contingency"": [[3, 2], [1446, 15540]]}]",{}
218,NC00962.3,catomatic_test,1.1,GARC1,RUS,rifampicin,rpoB@M434I,U,{},"[{""proportion"": 0.6, ""confidence"": [0.16865619801943219, 0.9172921377751658], ""p_value"": 0.103515625, ""contingency"": [[3, 2], [1446, 15540]]}]",{}
220,NC00962.3,catomatic_test,1.1,GARC1,RUS,rifampicin,rpoB@K274E,U,{},"[{""proportion"": 1.0, ""confidence"": [0.13097754328018593, 1.0000000000000002], ""p_value"": 0.25, ""contingency"": [[1, 0], [1446, 15540]]}]",{}
221,NC00962.3,catomatic_test,1.1,GARC1,RUS,rifampicin,rpoB@1303_del_gac,U,{},"[{""proportion"": 1.0, ""confidence"": [0.13097754328018593, 1.0000000000000002], ""p_value"": 0.25, ""contingency"": [[1, 0], [1446, 15540]]}]",{}
222,NC00962.3,catomatic_test,1.1,GARC1,RUS,rifampicin,rpoB@S441V,U,{},"[{""proportion"": 1.0, ""confidence"": [0.13097754328018593, 1.0000000000000002], ""p_value"": 0.25, ""contingency"": [[1, 0], [1446, 15540]]}]",{}
225,NC00962.3,catomatic_test,1.1,GARC1,RUS,rifampicin,rpoB@V581M,U,{},"[{""proportion"": 1.0, ""confidence"": [0.13097754328018593, 1.0000000000000002], ""p_value"": 0.25, ""contingency"": [[1, 0], [1446, 15540]]}]",{}
226,NC00962.3,catomatic_test,1.1,GARC1,RUS,rifampicin,rpoB@P768L,U,{},"[{""proportion"": 1.0, ""confidence"": [0.23161829173072768, 1.0], ""p_value"": 0.0625, ""contingency"": [[2, 0], [1446, 15540]]}]",{}
228,NC00962.3,catomatic_test,1.1,GARC1,RUS,rifampicin,rpoB@S428R,U,{},"[{""proportion"": 1.0, ""confidence"": [0.3113681572547469, 1.0], ""p_value"": 0.015625, ""contingency"": [[3, 0], [1446, 15540]]}]",{}
229,NC00962.3,catomatic_test,1.1,GARC1,RUS,rifampicin,rpoB@Q172R,U,{},"[{""proportion"": 1.0, ""confidence"": [0.23161829173072768, 1.0], ""p_value"": 0.0625, ""contingency"": [[2, 0], [1446, 15540]]}]",{}
230,NC00962.3,catomatic_test,1.1,GARC1,RUS,rifampicin,rpoB@S450Q,U,{},"[{""proportion"": 1.0, ""confidence"": [0.3113681572547469, 1.0], ""p_value"": 0.015625, ""contingency"": [[3, 0], [1446, 15540]]}]",{}
231,NC00962.3,catomatic_test,1.1,GARC1,RUS,rifampicin,rpoB@H445G,U,{},"[{""proportion"": 0.8, ""confidence"": [0.28177867023468267, 0.9760663371491118], ""p_value"": 0.015625, ""contingency"": [[4, 1], [1446, 15540]]}]",{}
232,NC00962.3,catomatic_test,1.1,GARC1,RUS,rifampicin,rpoB@R448Q,U,{},"[{""proportion"": 1.0, ""confidence"": [0.23161829173072768, 1.0], ""p_value"": 0.0625, ""contingency"": [[2, 0], [1446, 15540]]}]",{}
233,NC00962.3,catomatic_test,1.1,GARC1,RUS,rifampicin,rpoB@R448K,U,{},"[{""proportion"": 1.0, ""confidence"": [0.13097754328018593, 1.0000000000000002], ""p_value"": 0.25, ""contingency"": [[1, 0], [1446, 15540]]}]",{}
234,NC00962.3,catomatic_test,1.1,GARC1,RUS,rifampicin,rpoB@D435A,U,{},"[{""proportion"": 1.0, ""confidence"": [0.13097754328018593, 1.0000000000000002], ""p_value"": 0.25, ""contingency"": [[1, 0], [1446, 15540]]}]",{}
236,NC00962.3,catomatic_test,1.1,GARC1,RUS,rifampicin,rpoB@1265_del_aggagttcttcggcacca,U,{},"[{""proportion"": 1.0, ""confidence"": [0.23161829173072768, 1.0], ""p_value"": 0.0625, ""contingency"": [[2, 0], [1446, 15540]]}]",{}
237,NC00962.3,catomatic_test,1.1,GARC1,RUS,rifampicin,rpoB@N673S,U,{},"[{""proportion"": 1.0, ""confidence"": [0.13097754328018593, 1.0000000000000002], ""p_value"": 0.25, ""contingency"": [[1, 0], [1446, 15540]]}]",{}
238,NC00962.3,catomatic_test,1.1,GARC1,RUS,rifampicin,rpoB@Q409R,U,{},"[{""proportion"": 0.5, ""confidence"": [0.06171307677810186, 0.938286923221898], ""p_value"": 0.4375, ""contingency"": [[1, 1], [1446, 15540]]}]",{}
240,NC00962.3,catomatic_test,1.1,GARC1,RUS,rifampicin,rpoB@I491M,U,{},"[{""proportion"": 0.6, ""confidence"": [0.16865619801943219, 0.9172921377751658], ""p_value"": 0.103515625, ""contingency"": [[3, 2], [1446, 15540]]}]",{}
241,NC00962.3,catomatic_test,1.1,GARC1,RUS,rifampicin,rpoB@R552C,U,{},"[{""proportion"": 1.0, ""confidence"": [0.13097754328018593, 1.0000000000000002], ""p_value"": 0.25, ""contingency"": [[1, 0], [1446, 15540]]}]",{}
242,NC00962.3,catomatic_test,1.1,GARC1,RUS,rifampicin,rpoB@R871L,U,{},"[{""proportion"": 1.0, ""confidence"": [0.13097754328018593, 1.0000000000000002], ""p_value"": 0.25, ""contingency"": [[1, 0], [1446, 15540]]}]",{}
243,NC00962.3,catomatic_test,1.1,GARC1,RUS,rifampicin,rpoB@I491Y,U,{},"[{""proportion"": 1.0, ""confidence"": [0.13097754328018593, 1.0000000000000002], ""p_value"": 0.25, ""contingency"": [[1, 0], [1446, 15540]]}]",{}
244,NC00962.3,catomatic_test,1.1,GARC1,RUS,rifampicin,rpoB@R552H,U,{},"[{""proportion"": 1.0, ""confidence"": [0.23161829173072768, 1.0], ""p_value"": 0.0625, ""contingency"": [[2, 0], [1446, 15540]]}]",{}
245,NC00962.3,catomatic_test,1.1,GARC1,RUS,rifampicin,rpoB@D634G,U,{},"[{""proportion"": 0.3333333333333333, ""confidence"": [0.040426629296084655, 0.855783984952333], ""p_value"": 1.0, ""contingency"": [[1, 2], [1446, 15540]]}]",{}
246,NC00962.3,catomatic_test,1.1,GARC1,RUS,rifampicin,rpoB@1279_del_accagc,U,{},"[{""proportion"": 0.5, ""confidence"": [0.06171307677810186, 0.938286923221898], ""p_value"": 0.4375, ""contingency"": [[1, 1], [1446, 15540]]}]",{}
247,NC00962.3,catomatic_test,1.1,GARC1,RUS,rifampicin,rpoB@T159P,U,{},"[{""proportion"": 1.0, ""confidence"": [0.13097754328018593, 1.0000000000000002], ""p_value"": 0.25, ""contingency"": [[1, 0], [1446, 15540]]}]",{}
248,NC00962.3,catomatic_test,1.1,GARC1,RUS,rifampicin,rpoB@N539K,U,{},"[{""proportion"": 1.0, ""confidence"": [0.13097754328018593, 1.0000000000000002], ""p_value"": 0.25, ""contingency"": [[1, 0], [1446, 15540]]}]",{}
249,NC00962.3,catomatic_test,1.1,GARC1,RUS,rifampicin,rpoB@L452V,U,{},"[{""proportion"": 1.0, ""confidence"": [0.13097754328018593, 1.0000000000000002], ""p_value"": 0.25, ""contingency"": [[1, 0], [1446, 15540]]}]",{}
250,NC00962.3,catomatic_test,1.1,GARC1,RUS,rifampicin,rpoB@N437D,U,{},"[{""proportion"": 1.0, ""confidence"": [0.13097754328018593, 1.0000000000000002], ""p_value"": 0.25, ""contingency"": [[1, 0], [1446, 15540]]}]",{}
251,NC00962.3,catomatic_test,1.1,GARC1,RUS,rifampicin,rpoB@P45R,U,{},"[{""proportion"": 1.0, ""confidence"": [0.13097754328018593, 1.0000000000000002], ""p_value"": 0.25, ""contingency"": [[1, 0], [1446, 15540]]}]",{}
252,NC00962.3,catomatic_test,1.1,GARC1,RUS,rifampicin,rpoB@G675D,U,{},"[{""proportion"": 0.3333333333333333, ""confidence"": [0.040426629296084655, 0.855783984952333], ""p_value"": 1.0, ""contingency"": [[1, 2], [1446, 15540]]}]",{}
253,NC00962.3,catomatic_test,1.1,GARC1,RUS,rifampicin,rpoB@V170A,U,{},"[{""proportion"": 1.0, ""confidence"": [0.13097754328018593, 1.0000000000000002], ""p_value"": 0.25, ""contingency"": [[1, 0], [1446, 15540]]}]",{}
254,NC00962.3,catomatic_test,1.1,GARC1,RUS,rifampicin,rpoB@G442E,U,{},"[{""proportion"": 1.0, ""confidence"": [0.13097754328018593, 1.0000000000000002], ""p_value"": 0.25, ""contingency"": [[1, 0], [1446, 15540]]}]",{}
255,NC00962.3,catomatic_test,1.1,GARC1,RUS,rifampicin,rpoB@F424V,U,{},"[{""proportion"": 1.0, ""confidence"": [0.13097754328018593, 1.0000000000000002], ""p_value"": 0.25, ""contingency"": [[1, 0], [1446, 15540]]}]",{}
256,NC00962.3,catomatic_test,1.1,GARC1,RUS,rifampicin,rpoB@L378R,U,{},"[{""proportion"": 1.0, ""confidence"": [0.3113681572547469, 1.0], ""p_value"": 0.015625, ""contingency"": [[3, 0], [1446, 15540]]}]",{}
257,NC00962.3,catomatic_test,1.1,GARC1,RUS,rifampicin,rpoB@K891T,U,{},"[{""proportion"": 1.0, ""confidence"": [0.13097754328018593, 1.0000000000000002], ""p_value"": 0.25, ""contingency"": [[1, 0], [1446, 15540]]}]",{}
258,NC00962.3,catomatic_test,1.1,GARC1,RUS,rifampicin,rpoB@t-6c,U,{},"[{""proportion"": 0.14285714285714285, ""confidence"": [0.01700053672683364, 0.6162933454119196], ""p_value"": 1.0, ""contingency"": [[1, 6], [1446, 15540]]}]",{}
259,NC00962.3,catomatic_test,1.1,GARC1,RUS,rifampicin,rpoB@A753T,U,{},"[{""proportion"": 1.0, ""confidence"": [0.13097754328018593, 1.0000000000000002], ""p_value"": 0.25, ""contingency"": [[1, 0], [1446, 15540]]}]",{}
260,NC00962.3,catomatic_test,1.1,GARC1,RUS,rifampicin,rpoB@H835R,U,{},"[{""proportion"": 1.0, ""confidence"": [0.13097754328018593, 1.0000000000000002], ""p_value"": 0.25, ""contingency"": [[1, 0], [1446, 15540]]}]",{}
261,NC00962.3,catomatic_test,1.1,GARC1,RUS,rifampicin,rpoB@R607S,U,{},"[{""proportion"": 1.0, ""confidence"": [0.13097754328018593, 1.0000000000000002], ""p_value"": 0.25, ""contingency"": [[1, 0], [1446, 15540]]}]",{}
262,NC00962.3,catomatic_test,1.1,GARC1,RUS,rifampicin,rpoB@K110R,U,{},"[{""proportion"": 1.0, ""confidence"": [0.13097754328018593, 1.0000000000000002], ""p_value"": 0.25, ""contingency"": [[1, 0], [1446, 15540]]}]",{}
263,NC00962.3,catomatic_test,1.1,GARC1,RUS,rifampicin,rpoB@A753V,U,{},"[{""proportion"": 1.0, ""confidence"": [0.23161829173072768, 1.0], ""p_value"": 0.0625, ""contingency"": [[2, 0], [1446, 15540]]}]",{}
264,NC00962.3,catomatic_test,1.1,GARC1,RUS,rifampicin,rpoB@D531E,U,{},"[{""proportion"": 1.0, ""confidence"": [0.13097754328018593, 1.0000000000000002], ""p_value"": 0.25, ""contingency"": [[1, 0], [1446, 15540]]}]",{}
265,NC00962.3,catomatic_test,1.1,GARC1,RUS,rifampicin,rpoB@H723D,U,{},"[{""proportion"": 1.0, ""confidence"": [0.3113681572547469, 1.0], ""p_value"": 0.015625, ""contingency"": [[3, 0], [1446, 15540]]}]",{}
266,NC00962.3,catomatic_test,1.1,GARC1,RUS,rifampicin,rpoB@R827L,U,{},"[{""proportion"": 1.0, ""confidence"": [0.23161829173072768, 1.0], ""p_value"": 0.0625, ""contingency"": [[2, 0], [1446, 15540]]}]",{}
267,NC00962.3,catomatic_test,1.1,GARC1,RUS,rifampicin,rpoB@a-83g,U,{},"[{""proportion"": 0.18181818181818182, ""confidence"": [0.03638841441650414, 0.5666713506407722], ""p_value"": 1.0, ""contingency"": [[2, 9], [1446, 15540]]}]",{}
268,NC00962.3,catomatic_test,1.1,GARC1,RUS,rifampicin,rpoB@L449M,U,{},"[{""proportion"": 1.0, ""confidence"": [0.13097754328018593, 1.0000000000000002], ""p_value"": 0.25, ""contingency"": [[1, 0], [1446, 15540]]}]",{}
269,NC00962.3,catomatic_test,1.1,GARC1,RUS,rifampicin,rpoB@A960E,U,{},"[{""proportion"": 1.0, ""confidence"": [0.13097754328018593, 1.0000000000000002], ""p_value"": 0.25, ""contingency"": [[1, 0], [1446, 15540]]}]",{}
270,NC00962.3,catomatic_test,1.1,GARC1,RUS,rifampicin,rpoB@1300_del_atggac,U,{},"[{""proportion"": 1.0, ""confidence"": [0.3113681572547469, 1.0], ""p_value"": 0.015625, ""contingency"": [[3, 0], [1446, 15540]]}]",{}
271,NC00962.3,catomatic_test,1.1,GARC1,RUS,rifampicin,rpoB@S493R,U,{},"[{""proportion"": 1.0, ""confidence"": [0.13097754328018593, 1.0000000000000002], ""p_value"": 0.25, ""contingency"": [[1, 0], [1446, 15540]]}]",{}
272,NC00962.3,catomatic_test,1.1,GARC1,RUS,rifampicin,rpoB@1296_del_attcatggacca,U,{},"[{""proportion"": 1.0, ""confidence"": [0.13097754328018593, 1.0000000000000002], ""p_value"": 0.25, ""contingency"": [[1, 0], [1446, 15540]]}]",{}
273,NC00962.3,catomatic_test,1.1,GARC1,RUS,rifampicin,rpoB@1302_del_ggaccagaacaaccc,U,{},"[{""proportion"": 1.0, ""confidence"": [0.13097754328018593, 1.0000000000000002], ""p_value"": 0.25, ""contingency"": [[1, 0], [1446, 15540]]}]",{}
274,NC00962.3,catomatic_test,1.1,GARC1,RUS,rifampicin,rpoB@D574E,U,{},"[{""proportion"": 1.0, ""confidence"": [0.13097754328018593, 1.0000000000000002], ""p_value"": 0.25, ""contingency"": [[1, 0], [1446, 15540]]}]",{}
275,NC00962.3,catomatic_test,1.1,GARC1,RUS,rifampicin,rpoB@V496A,U,{},"[{""proportion"": 1.0, ""confidence"": [0.23161829173072768, 1.0], ""p_value"": 0.0625, ""contingency"": [[2, 0], [1446, 15540]]}]",{}
276,NC00962.3,catomatic_test,1.1,GARC1,RUS,rifampicin,rpoB@E481A,U,{},"[{""proportion"": 1.0, ""confidence"": [0.13097754328018593, 1.0000000000000002], ""p_value"": 0.25, ""contingency"": [[1, 0], [1446, 15540]]}]",{}
277,NC00962.3,catomatic_test,1.1,GARC1,RUS,rifampicin,rpoB@K891E,U,{},"[{""proportion"": 1.0, ""confidence"": [0.3113681572547469, 1.0], ""p_value"": 0.015625, ""contingency"": [[3, 0], [1446, 15540]]}]",{}
278,NC00962.3,catomatic_test,1.1,GARC1,RUS,rifampicin,rpoB@N437S,U,{},"[{""proportion"": 0.5, ""confidence"": [0.06171307677810186, 0.938286923221898], ""p_value"": 0.4375, ""contingency"": [[1, 1], [1446, 15540]]}]",{}
279,NC00962.3,catomatic_test,1.1,GARC1,RUS,rifampicin,rpoB@S450V,U,{},"[{""proportion"": 0.5, ""confidence"": [0.06171307677810186, 0.938286923221898], ""p_value"": 0.4375, ""contingency"": [[1, 1], [1446, 15540]]}]",{}
280,NC00962.3,catomatic_test,1.1,GARC1,RUS,rifampicin,rpoB@F424L,U,{},"[{""proportion"": 0.5, ""confidence"": [0.06171307677810186, 0.938286923221898], ""p_value"": 0.4375, ""contingency"": [[1, 1], [1446, 15540]]}]",{}
281,NC00962.3,catomatic_test,1.1,GARC1,RUS,rifampicin,rpoB@L554P,U,{},"[{""proportion"": 1.0, ""confidence"": [0.3113681572547469, 1.0], ""p_value"": 0.015625, ""contingency"": [[3, 0], [1446, 15540]]}]",{}
282,NC00962.3,catomatic_test,1.1,GARC1,RUS,rifampicin,rpoB@T399P,U,{},"[{""proportion"": 1.0, ""confidence"": [0.13097754328018593, 1.0000000000000002], ""p_value"": 0.25, ""contingency"": [[1, 0], [1446, 15540]]}]",{}
283,NC00962.3,catomatic_test,1.1,GARC1,RUS,rifampicin,rpoB@V168G,U,{},"[{""proportion"": 1.0, ""confidence"": [0.13097754328018593, 1.0000000000000002], ""p_value"": 0.25, ""contingency"": [[1, 0], [1446, 15540]]}]",{}
284,NC00962.3,catomatic_test,1.1,GARC1,RUS,rifampicin,rpoB@S441W,U,{},"[{""proportion"": 1.0, ""confidence"": [0.13097754328018593, 1.0000000000000002], ""p_value"": 0.25, ""contingency"": [[1, 0], [1446, 15540]]}]",{}
285,NC00962.3,catomatic_test,1.1,GARC1,RUS,rifampicin,rpoB@Y564H,U,{},"[{""proportion"": 1.0, ""confidence"": [0.13097754328018593, 1.0000000000000002], ""p_value"": 0.25, ""contingency"": [[1, 0], [1446, 15540]]}]",{}
286,NC00962.3,catomatic_test,1.1,GARC1,RUS,rifampicin,rpoB@T676I,U,{},"[{""proportion"": 1.0, ""confidence"": [0.13097754328018593, 1.0000000000000002], ""p_value"": 0.25, ""contingency"": [[1, 0], [1446, 15540]]}]",{}
287,NC00962.3,catomatic_test,1.1,GARC1,RUS,rifampicin,rpoB@1291_del_agccaattcatg,U,{},"[{""proportion"": 1.0, ""confidence"": [0.13097754328018593, 1.0000000000000002], ""p_value"": 0.25, ""contingency"": [[1, 0], [1446, 15540]]}]",{}
288,NC00962.3,catomatic_test,1.1,GARC1,RUS,rifampicin,rpoB@S254P,U,{},"[{""proportion"": 1.0, ""confidence"": [0.13097754328018593, 1.0000000000000002], ""p_value"": 0.25, ""contingency"": [[1, 0], [1446, 15540]]}]",{}
289,NC00962.3,catomatic_test,1.1,GARC1,RUS,rifampicin,rpoB@G46V,U,{},"[{""proportion"": 1.0, ""confidence"": [0.13097754328018593, 1.0000000000000002], ""p_value"": 0.25, ""contingency"": [[1, 0], [1446, 15540]]}]",{}
290,NC00962.3,catomatic_test,1.1,GARC1,RUS,rifampicin,rpoB@c-87t,U,{},"[{""proportion"": 1.0, ""confidence"": [0.13097754328018593, 1.0000000000000002], ""p_value"": 0.25, ""contingency"": [[1, 0], [1446, 15540]]}]",{}
291,NC00962.3,catomatic_test,1.1,GARC1,RUS,rifampicin,rpoB@T400A,U,{},"[{""proportion"": 1.0, ""confidence"": [0.13097754328018593, 1.0000000000000002], ""p_value"": 0.25, ""contingency"": [[1, 0], [1446, 15540]]}]",{}
292,NC00962.3,catomatic_test,1.1,GARC1,RUS,rifampicin,rpoB@1295_ins_cca,U,{},"[{""proportion"": 1.0, ""confidence"": [0.23161829173072768, 1.0], ""p_value"": 0.0625, ""contingency"": [[2, 0], [1446, 15540]]}]",{}
293,NC00962.3,catomatic_test,1.1,GARC1,RUS,rifampicin,rpoB@G981D,U,{},"[{""proportion"": 1.0, ""confidence"": [0.13097754328018593, 1.0000000000000002], ""p_value"": 0.25, ""contingency"": [[1, 0], [1446, 15540]]}]",{}
294,NC00962.3,catomatic_test,1.1,GARC1,RUS,rifampicin,rpoB@1294_del_caattc,U,{},"[{""proportion"": 1.0, ""confidence"": [0.13097754328018593, 1.0000000000000002], ""p_value"": 0.25, ""contingency"": [[1, 0], [1446, 15540]]}]",{}
295,NC00962.3,catomatic_test,1.1,GARC1,RUS,rifampicin,rpoB@H445F,U,{},"[{""proportion"": 1.0, ""confidence"": [0.13097754328018593, 1.0000000000000002], ""p_value"": 0.25, ""contingency"": [[1, 0], [1446, 15540]]}]",{}
296,NC00962.3,catomatic_test,1.1,GARC1,RUS,rifampicin,rpoB@H674D,U,{},"[{""proportion"": 1.0, ""confidence"": [0.3113681572547469, 1.0], ""p_value"": 0.015625, ""contingency"": [[3, 0], [1446, 15540]]}]",{}
297,NC00962.3,catomatic_test,1.1,GARC1,RUS,rifampicin,rpoB@P45L,U,{},"[{""proportion"": 1.0, ""confidence"": [0.13097754328018593, 1.0000000000000002], ""p_value"": 0.25, ""contingency"": [[1, 0], [1446, 15540]]}]",{}
298,NC00962.3,catomatic_test,1.1,GARC1,RUS,rifampicin,rpoB@G453R,U,{},"[{""proportion"": 1.0, ""confidence"": [0.13097754328018593, 1.0000000000000002], ""p_value"": 0.25, ""contingency"": [[1, 0], [1446, 15540]]}]",{}
299,NC00962.3,catomatic_test,1.1,GARC1,RUS,rifampicin,rpoB@R871H,U,{},"[{""proportion"": 1.0, ""confidence"": [0.13097754328018593, 1.0000000000000002], ""p_value"": 0.25, ""contingency"": [[1, 0], [1446, 15540]]}]",{}
300,NC00962.3,catomatic_test,1.1,GARC1,RUS,rifampicin,rpoB@I491T,U,{},"[{""proportion"": 1.0, ""confidence"": [0.23161829173072768, 1.0], ""p_value"": 0.0625, ""contingency"": [[2, 0], [1446, 15540]]}]",{}
301,NC00962.3,catomatic_test,1.1,GARC1,RUS,rifampicin,rpoB@S431G,U,{},"[{""proportion"": 1.0, ""confidence"": [0.23161829173072768, 1.0], ""p_value"": 0.0625, ""contingency"": [[2, 0], [1446, 15540]]}]",{}
302,NC00962.3,catomatic_test,1.1,GARC1,RUS,rifampicin,rpoB@R219C,U,{},"[{""proportion"": 1.0, ""confidence"": [0.13097754328018593, 1.0000000000000002], ""p_value"": 0.25, ""contingency"": [[1, 0], [1446, 15540]]}]",{}
303,NC00962.3,catomatic_test,1.1,GARC1,RUS,rifampicin,rpoB@V262A,U,{},"[{""proportion"": 1.0, ""confidence"": [0.13097754328018593, 1.0000000000000002], ""p_value"": 0.25, ""contingency"": [[1, 0], [1446, 15540]]}]",{}
304,NC00962.3,catomatic_test,1.1,GARC1,RUS,rifampicin,rpoB@1278_del_caccagcca,U,{},"[{""proportion"": 1.0, ""confidence"": [0.13097754328018593, 1.0000000000000002], ""p_value"": 0.25, ""contingency"": [[1, 0], [1446, 15540]]}]",{}
305,NC00962.3,catomatic_test,1.1,GARC1,RUS,rifampicin,rpoB@E807Q,U,{},"[{""proportion"": 1.0, ""confidence"": [0.13097754328018593, 1.0000000000000002], ""p_value"": 0.25, ""contingency"": [[1, 0], [1446, 15540]]}]",{}
306,NC00962.3,catomatic_test,1.1,GARC1,RUS,rifampicin,rpoB@1306_del_cagaac,U,{},"[{""proportion"": 1.0, ""confidence"": [0.13097754328018593, 1.0000000000000002], ""p_value"": 0.25, ""contingency"": [[1, 0], [1446, 15540]]}]",{}
307,NC00962.3,catomatic_test,1.1,GARC1,RUS,rifampicin,rpoB@K37R,U,{},"[{""proportion"": 1.0, ""confidence"": [0.13097754328018593, 1.0000000000000002], ""p_value"": 0.25, ""contingency"": [[1, 0], [1446, 15540]]}]",{}
308,NC00962.3,catomatic_test,1.1,GARC1,RUS,rifampicin,rpoB@S441M,U,{},"[{""proportion"": 1.0, ""confidence"": [0.23161829173072768, 1.0], ""p_value"": 0.0625, ""contingency"": [[2, 0], [1446, 15540]]}]",{}
309,NC00962.3,catomatic_test,1.1,GARC1,RUS,rifampicin,rpoB@1333_del_cacaag,U,{},"[{""proportion"": 1.0, ""confidence"": [0.13097754328018593, 1.0000000000000002], ""p_value"": 0.25, ""contingency"": [[1, 0], [1446, 15540]]}]",{}
311,NC00962.3,catomatic_test,1.1,GARC1,RUS,rifampicin,rpoB@N487S,U,{},"[{""proportion"": 1.0, ""confidence"": [0.13097754328018593, 1.0000000000000002], ""p_value"": 0.25, ""contingency"": [[1, 0], [1446, 15540]]}]",{}
312,NC00962.3,catomatic_test,1.1,GARC1,RUS,rifampicin,rpoB@P280L,U,{},"[{""proportion"": 1.0, ""confidence"": [0.13097754328018593, 1.0000000000000002], ""p_value"": 0.25, ""contingency"": [[1, 0], [1446, 15540]]}]",{}
313,NC00962.3,catomatic_test,1.1,GARC1,RUS,rifampicin,rpoB@Q1056H,U,{},"[{""proportion"": 1.0, ""confidence"": [0.13097754328018593, 1.0000000000000002], ""p_value"": 0.25, ""contingency"": [[1, 0], [1446, 15540]]}]",{}
314,NC00962.3,catomatic_test,1.1,GARC1,RUS,rifampicin,rpoB@S428G,U,{},"[{""proportion"": 1.0, ""confidence"": [0.13097754328018593, 1.0000000000000002], ""p_value"": 0.25, ""contingency"": [[1, 0], [1446, 15540]]}]",{}
423,NC00962.3,catomatic_test,1.1,GARC1,RUS,rifampicin,rpoB@*?,U,{},"{""default_rule"": ""True""}",{}
424,NC00962.3,catomatic_test,1.1,GARC1,RUS,rifampicin,rpoB@-*?,U,{},"{""default_rule"": ""True""}",{}
425,NC00962.3,catomatic_test,1.1,GARC1,RUS,rifampicin,rpoB@*_indel,U,{},"{""default_rule"": ""True""}",{}
426,NC00962.3,catomatic_test,1.1,GARC1,RUS,rifampicin,rpoB@-*_indel,U,{},"{""default_rule"": ""True""}",{}
428,NC00962.3,catomatic_test,1.1,GARC1,RUS,rifampicin,rpoB@del_0.0,U,{},"{""default_rule"": ""True""}",{}
