,DRUG,comparision,MUTATION,MATCH,PREDICTION,training,WHOv2,filt
1,amikacin,training-v-WHO,rrs@c492t,TRUE,S.S,489,736,1225
2,amikacin,training-v-WHO,rrs@a1401g,TRUE,R.R,475,1526,2001
3,amikacin,training-v-WHO,eis@V163I,TRUE,S.S,316,635,951
4,amikacin,training-v-WHO,rrs@a514c,TRUE,U.S,135,328,463
5,amikacin,training-v-WHO,eis@c-12t,TRUE,U.S,126,657,783
6,amikacin,training-v-WHO,rrs@c517t,TRUE,U.S,89,215,304
7,amikacin,training-v-WHO,eis@g-10a,TRUE,S.S,72,310,382
8,amikacin,training-v-WHO,eis@805_del_ac,FALSE,S.X,57,0,57
9,amikacin,training-v-WHO,rrs@t-4g,FALSE,S.X,27,0,27
10,amikacin,training-v-WHO,eis@c-8a,FALSE,S.X,19,0,19
11,amikacin,training-v-WHO,eis@c-100t,FALSE,S.X,18,0,18
12,amikacin,training-v-WHO,eis@g-37t,FALSE,S.X,18,0,18
13,amikacin,training-v-WHO,eis@g-10c,FALSE,U.X,15,0,15
14,amikacin,training-v-WHO,eis@R106H,FALSE,U.X,14,0,14
15,amikacin,training-v-WHO,rrs@-20_ins_tccaaaggga,FALSE,U.X,11,0,11
16,capreomycin,training-v-WHO,rrs@c492t,TRUE,S.S,191,358,549
17,capreomycin,training-v-WHO,rrs@a1401g,TRUE,R.R,68,1130,1198
18,capreomycin,training-v-WHO,rrs@a514c,TRUE,U.S,36,318,354
19,capreomycin,training-v-WHO,rrs@c517t,TRUE,U.S,29,436,465
20,capreomycin,training-v-WHO,rrs@t-4g,FALSE,U.X,11,0,11
21,ethambutol,training-v-WHO,embB@M306V,TRUE,R.R,738,2125,2863
22,ethambutol,training-v-WHO,embB@M306I,TRUE,R.R,421,1043,1464
23,ethambutol,training-v-WHO,embB@Q497R,TRUE,R.R,225,378,603
24,ethambutol,training-v-WHO,embB@Y319S,TRUE,R.R,110,176,286
25,ethambutol,training-v-WHO,embB@E378A,TRUE,S.S,91,0,91
26,ethambutol,training-v-WHO,embB@D354A,TRUE,R.R,75,172,247
27,ethambutol,training-v-WHO,embA@P913S,FALSE,S.X,74,0,74
28,ethambutol,training-v-WHO,embB@G406A,TRUE,R.R,57,148,205
29,ethambutol,training-v-WHO,embA@E951D,FALSE,S.X,46,0,46
30,ethambutol,training-v-WHO,embB@T1082A,TRUE,U.S,32,97,129
31,ethambutol,training-v-WHO,embB@M306L,TRUE,R.R,31,69,100
32,ethambutol,training-v-WHO,embB@G406S,TRUE,R.R,26,58,84
33,ethambutol,training-v-WHO,embA@c-12t,FALSE,R.X,25,0,25
34,ethambutol,training-v-WHO,embB@P731L,FALSE,S.X,22,0,22
35,ethambutol,training-v-WHO,embB@G406D,TRUE,R.R,20,123,143
36,ethambutol,training-v-WHO,embA@D176E,FALSE,U.X,20,0,20
37,ethambutol,training-v-WHO,embB@S203L,FALSE,S.X,18,0,18
38,ethambutol,training-v-WHO,embB@S773P,FALSE,S.X,17,0,17
39,ethambutol,training-v-WHO,embB@S1054P,TRUE,S.S,16,0,16
40,ethambutol,training-v-WHO,embA@c-16g,FALSE,U.X,16,0,16
41,ethambutol,training-v-WHO,embB@S297A,FALSE,U.X,16,0,16
42,ethambutol,training-v-WHO,embA@c-16t,FALSE,R.X,15,0,15
43,ethambutol,training-v-WHO,embA@L373P,FALSE,S.X,15,0,15
44,ethambutol,training-v-WHO,embA@Y296H,FALSE,S.X,15,0,15
45,ethambutol,training-v-WHO,embB@G246R,FALSE,S.X,15,0,15
46,ethambutol,training-v-WHO,embA@V31A,FALSE,S.X,15,0,15
47,ethambutol,training-v-WHO,embB@N296H,FALSE,U.X,14,0,14
48,ethambutol,training-v-WHO,embA@A1015T,FALSE,S.X,13,0,13
49,ethambutol,training-v-WHO,embA@A813G,FALSE,U.X,13,0,13
50,ethambutol,training-v-WHO,embB@D1024N,FALSE,R.X,12,0,12
51,ethambutol,training-v-WHO,embA@V206M,FALSE,S.X,12,0,12
52,ethambutol,training-v-WHO,embA@A312V,FALSE,U.X,12,0,12
53,ethambutol,training-v-WHO,embB@Q445R,FALSE,R.X,11,0,11
54,ethambutol,training-v-WHO,embB@R741W,FALSE,S.X,11,0,11
55,ethambutol,training-v-WHO,embA@P901L,FALSE,S.X,11,0,11
56,ethambutol,training-v-WHO,embB@C361S,FALSE,U.X,11,0,11
57,ethambutol,training-v-WHO,embA@T608N,FALSE,U.X,11,0,11
58,ethionamide,training-v-WHO,fabG1@c-15t,TRUE,R.R,454,939,1393
59,ethionamide,training-v-WHO,ethA@S266R,FALSE,S.X,168,0,168
60,ethionamide,training-v-WHO,ethA@N345K,FALSE,U.X,71,0,71
61,ethionamide,training-v-WHO,ethA@T453I,FALSE,U.X,50,0,50
62,ethionamide,training-v-WHO,ethA@T314I,FALSE,U.X,37,0,37
63,ethionamide,training-v-WHO,ethA@P378L,FALSE,S.X,32,0,32
64,ethionamide,training-v-WHO,ethA@G423R,FALSE,S.X,19,0,19
65,ethionamide,training-v-WHO,ethA@P334A,FALSE,S.X,16,0,16
66,ethionamide,training-v-WHO,fabG1@g-17t,TRUE,R.R,15,7,22
67,ethionamide,training-v-WHO,fabG1@t-8c,TRUE,R.R,12,9,21
68,ethionamide,training-v-WHO,ethA@768_del_g,FALSE,R.X,12,0,12
69,ethionamide,training-v-WHO,ethA@P192S,FALSE,U.X,12,0,12
70,ethionamide,training-v-WHO,ethA@A381P,FALSE,R.X,11,0,11
71,isoniazid,training-v-WHO,katG@S315T,TRUE,R.R,4842,11153,15995
72,isoniazid,training-v-WHO,katG@R463L,TRUE,S.S,3696,7029,10725
73,isoniazid,training-v-WHO,fabG1@c-15t,TRUE,R.R,544,976,1520
74,isoniazid,training-v-WHO,ahpC@g-88a,FALSE,S.X,180,0,180
75,isoniazid,training-v-WHO,katG@S315N,TRUE,R.R,62,128,190
76,isoniazid,training-v-WHO,inhA@I194T,FALSE,R.X,44,0,44
77,isoniazid,training-v-WHO,fabG1@g-17t,TRUE,R.R,43,33,76
78,isoniazid,training-v-WHO,ahpC@P44R,FALSE,U.X,30,0,30
79,isoniazid,training-v-WHO,inhA@V78A,TRUE,S.S,23,0,23
80,isoniazid,training-v-WHO,fabG1@g-47c,FALSE,S.X,22,0,22
81,isoniazid,training-v-WHO,fabG1@P81A,TRUE,S.S,18,0,18
82,isoniazid,training-v-WHO,inhA@S94A,TRUE,R.R,15,28,43
83,isoniazid,training-v-WHO,ahpC@g-48a,FALSE,R.X,14,0,14
84,isoniazid,training-v-WHO,ahpC@L191F,FALSE,U.X,14,0,14
85,isoniazid,training-v-WHO,inhA@I228V,FALSE,S.X,13,0,13
86,isoniazid,training-v-WHO,katG@W328L,TRUE,R.R,12,12,24
87,isoniazid,training-v-WHO,ahpC@Y34C,FALSE,S.X,12,0,12
88,isoniazid,training-v-WHO,katG@P6S,FALSE,S.X,11,0,11
89,kanamycin,training-v-WHO,rrs@c492t,TRUE,S.S,490,678,1168
90,kanamycin,training-v-WHO,rrs@a1401g,TRUE,R.R,454,1491,1945
91,kanamycin,training-v-WHO,eis@V163I,TRUE,S.S,358,635,993
92,kanamycin,training-v-WHO,rrs@a514c,TRUE,U.S,144,308,452
93,kanamycin,training-v-WHO,rrs@c517t,FALSE,U.X,72,0,72
94,kanamycin,training-v-WHO,eis@805_del_ac,FALSE,S.X,60,0,60
95,kanamycin,training-v-WHO,eis@c-14t,TRUE,R.R,32,88,120
96,kanamycin,training-v-WHO,eis@c-12t,TRUE,R.R,31,256,287
97,kanamycin,training-v-WHO,eis@g-10a,TRUE,R.R,29,199,228
98,kanamycin,training-v-WHO,rrs@t-4g,FALSE,S.X,25,0,25
99,kanamycin,training-v-WHO,eis@g-10c,FALSE,U.X,18,0,18
100,kanamycin,training-v-WHO,eis@c-100t,FALSE,S.X,17,0,17
101,kanamycin,training-v-WHO,eis@c-8a,FALSE,S.X,16,0,16
102,kanamycin,training-v-WHO,eis@g-37t,TRUE,R.R,14,116,130
103,kanamycin,training-v-WHO,eis@R106H,FALSE,U.X,13,0,13
104,kanamycin,training-v-WHO,rrs@-20_ins_tccaaaggga,FALSE,U.X,13,0,13
105,levofloxacin,training-v-WHO,gyrA@G668D,TRUE,S.S,4889,12,4901
106,levofloxacin,training-v-WHO,gyrA@D94G,TRUE,R.R,481,1936,2417
107,levofloxacin,training-v-WHO,gyrA@E21Q,TRUE,S.S,394,1543,1937
108,levofloxacin,training-v-WHO,gyrA@A90V,TRUE,R.R,247,1065,1312
109,levofloxacin,training-v-WHO,gyrA@S95T,TRUE,S.S,148,22,170
110,levofloxacin,training-v-WHO,gyrA@D94N,TRUE,R.R,96,335,431
111,levofloxacin,training-v-WHO,gyrB@V301L,TRUE,S.S,95,0,95
112,levofloxacin,training-v-WHO,gyrA@D94A,TRUE,R.R,60,313,373
113,levofloxacin,training-v-WHO,gyrA@S91P,TRUE,R.R,56,232,288
114,levofloxacin,training-v-WHO,gyrA@A463S,TRUE,U.S,53,0,53
115,levofloxacin,training-v-WHO,gyrA@c-34t,TRUE,U.S,49,0,49
116,levofloxacin,training-v-WHO,gyrA@D94Y,TRUE,R.R,43,205,248
117,levofloxacin,training-v-WHO,gyrA@D94H,TRUE,R.R,25,91,116
118,levofloxacin,training-v-WHO,gyrA@R252L,TRUE,U.S,21,0,21
119,levofloxacin,training-v-WHO,gyrA@G247S,TRUE,S.S,17,0,17
120,levofloxacin,training-v-WHO,gyrA@G88C,TRUE,R.R,16,38,54
121,levofloxacin,training-v-WHO,gyrA@P8A,FALSE,S.X,14,0,14
122,levofloxacin,training-v-WHO,gyrB@I84V,FALSE,S.X,12,0,12
123,levofloxacin,training-v-WHO,gyrB@D461N,TRUE,R.R,11,27,38
124,levofloxacin,training-v-WHO,gyrA@T267I,FALSE,U.X,11,0,11
125,linezolid,training-v-WHO,rplC@C154R,TRUE,R.R,23,64,87
126,linezolid,training-v-WHO,rplC@T115A,FALSE,S.X,19,0,19
127,linezolid,training-v-WHO,rplC@V97I,FALSE,S.X,14,0,14
128,moxifloxacin,training-v-WHO,gyrA@G668D,TRUE,S.S,4630,15,4645
129,moxifloxacin,training-v-WHO,gyrA@D94G,TRUE,R.R,462,1534,1996
130,moxifloxacin,training-v-WHO,gyrA@E21Q,TRUE,S.S,383,1148,1531
131,moxifloxacin,training-v-WHO,gyrA@A90V,TRUE,R.R,160,536,696
132,moxifloxacin,training-v-WHO,gyrA@D94N,TRUE,R.R,96,264,360
133,moxifloxacin,training-v-WHO,gyrA@c-34t,TRUE,U.S,54,0,54
134,moxifloxacin,training-v-WHO,gyrA@S91P,TRUE,R.R,50,150,200
135,moxifloxacin,training-v-WHO,gyrA@A463S,TRUE,U.S,47,0,47
136,moxifloxacin,training-v-WHO,gyrA@D94Y,TRUE,R.R,43,154,197
137,moxifloxacin,training-v-WHO,gyrA@D94A,TRUE,R.R,40,168,208
138,moxifloxacin,training-v-WHO,gyrA@D94H,TRUE,R.R,22,67,89
139,moxifloxacin,training-v-WHO,gyrA@G88C,TRUE,R.R,18,30,48
140,moxifloxacin,training-v-WHO,gyrA@G247S,TRUE,S.S,17,0,17
141,moxifloxacin,training-v-WHO,gyrA@T267I,FALSE,U.X,12,0,12
142,rifampicin,training-v-WHO,rpoB@S450L,TRUE,R.R,3119,8722,11841
143,rifampicin,training-v-WHO,rpoB@c-61t,TRUE,S.S,1968,3777,5745
144,rifampicin,training-v-WHO,rpoB@D435V,TRUE,R.R,417,1083,1500
145,rifampicin,training-v-WHO,rpoB@H445D,TRUE,R.R,203,565,768
146,rifampicin,training-v-WHO,rpoB@H445Y,TRUE,R.R,160,477,637
147,rifampicin,training-v-WHO,rpoB@S450W,TRUE,R.R,86,187,273
148,rifampicin,training-v-WHO,rpoB@E250G,TRUE,U.S,76,76,152
149,rifampicin,training-v-WHO,rpoB@L452P,TRUE,R.R,51,168,219
150,rifampicin,training-v-WHO,rpoB@H445L,TRUE,R.R,41,192,233
151,rifampicin,training-v-WHO,rpoB@N381H,TRUE,S.S,40,76,116
152,rifampicin,training-v-WHO,rpoB@I491F,TRUE,R.R,35,96,131
153,rifampicin,training-v-WHO,rpoB@E761D,FALSE,R.X,35,0,35
154,rifampicin,training-v-WHO,rpoB@S450F,TRUE,R.R,34,195,229
155,rifampicin,training-v-WHO,rpoB@H445R,TRUE,R.R,32,105,137
156,rifampicin,training-v-WHO,rpoB@D435Y,TRUE,R.R,31,178,209
157,rifampicin,training-v-WHO,rpoB@V170F,TRUE,R.R,26,40,66
158,rifampicin,training-v-WHO,rpoB@V113I,FALSE,S.X,23,0,23
159,rifampicin,training-v-WHO,rpoB@2546_ins_cgagga,TRUE,S.S,22,42,64
160,rifampicin,training-v-WHO,rpoB@H445C,TRUE,R.R,19,65,84
161,rifampicin,training-v-WHO,rpoB@R791C,FALSE,S.X,19,0,19
162,rifampicin,training-v-WHO,rpoB@D435F,TRUE,R.R,18,39,57
163,rifampicin,training-v-WHO,rpoB@E639D,TRUE,S.S,15,0,15
164,rifampicin,training-v-WHO,rpoB@Q432P,TRUE,R.R,13,51,64
165,rifampicin,training-v-WHO,rpoB@V695L,FALSE,R.X,11,0,11
166,rifampicin,training-v-WHO,rpoB@1299_ins_ttc,FALSE,R.X,11,0,11
167,streptomycin,training-v-WHO,rpsL@K43R,TRUE,R.R,338,3409,3747
168,streptomycin,training-v-WHO,gid@E92D,TRUE,S.S,310,5,315
169,streptomycin,training-v-WHO,gid@L16R,TRUE,S.S,149,11,160
170,streptomycin,training-v-WHO,rrs@c492t,TRUE,S.S,67,0,67
171,streptomycin,training-v-WHO,rpsL@K88R,TRUE,R.R,42,991,1033
172,streptomycin,training-v-WHO,gid@Y195H,TRUE,S.S,36,0,36
173,streptomycin,training-v-WHO,rrs@a514c,TRUE,R.R,23,305,328
174,streptomycin,training-v-WHO,rrs@c517t,TRUE,R.R,18,468,486
